ID;Player;Age;G;GS;MP;FG;FGA;FG%;3P;3PA;3P%;2P;2PA;2P%;eFG%;FT;FTA;FT%;ORB;DRB;TRB;AST;STL;BLK;TOV;PF;PTS;Pos;3P Dependency;2P Dependency;FT Dependency;PTS/MP;AST/MP;TRB/MP;STL/MP;BLK/MP;AST/TOV;Rebound Ratio;PTS/FGA;FT Rate;Usage Rate;PIE
1;A.J. Green;24.0;6.0;0.0;11.2;1.0;2.7;0.4;0.3;1.8;0.2;0.7;0.8;0.8;0.4;0.5;0.5;1.0;0.0;1.5;1.5;0.3;0.0;0.0;0.2;1.5;2.8;SG;0.321;0.5;0.179;0.25;0.027;0.134;0.0;0.0;1.5;0.25;1.037;0.185;0.279;2.7
2;A.J. Lawson;23.0;10.0;0.0;3.0;0.4;0.9;0.4;0.2;0.6;0.3;0.2;0.3;0.7;0.6;0.1;0.2;0.5;0.1;0.2;0.3;0.0;0.0;0.1;1.0;0.1;1.1;SG;0.545;0.364;0.091;0.367;0.0;0.1;0.0;0.033;0.0;0.03;1.222;0.222;0.663;-0.1
3;Aaron Gordon;27.0;12.3;12.3;34.9;5.2;10.1;0.5;0.8;2.5;0.3;4.3;7.6;0.6;0.5;2.7;3.8;0.7;3.0;3.8;6.8;3.2;0.6;0.8;1.4;2.7;13.8;PF;0.174;0.623;0.196;0.395;0.092;0.195;0.017;0.023;2.286;0.553;1.366;0.376;0.377;17.8
4;Aaron Holiday;25.5;3.5;0.0;3.6;0.6;1.2;0.3;0.4;0.6;0.4;0.2;0.6;0.2;0.4;0.0;0.1;0.0;0.2;0.0;0.2;1.2;0.2;0.1;0.5;0.1;1.8;PG;0.667;0.222;0.0;0.5;0.333;0.056;0.056;0.028;2.4;0.057;1.5;0.083;0.484;2.3
5;Aaron Nesmith;23.0;16.0;8.5;18.2;2.0;4.7;0.3;0.7;2.6;0.2;1.2;2.0;0.6;0.4;1.1;1.2;0.8;0.7;2.2;3.0;1.2;0.4;0.4;0.8;2.2;5.6;SF;0.375;0.429;0.196;0.308;0.066;0.165;0.022;0.022;1.5;0.181;1.191;0.255;0.331;6.9
6;Aaron Wiggins;25.0;10.0;0.0;15.7;2.3;4.7;0.5;0.6;2.0;0.3;1.7;2.7;0.6;0.6;1.0;1.1;0.9;0.9;2.3;3.2;1.0;0.6;0.3;0.9;0.8;6.2;SG;0.29;0.548;0.161;0.395;0.064;0.204;0.038;0.019;1.111;0.32;1.319;0.234;0.388;7.9
7;Al Horford;36.0;20.7;19.3;32.2;3.5;7.4;0.5;1.7;4.7;0.4;1.7;2.8;0.6;0.6;0.6;0.8;0.7;1.6;6.2;7.8;2.8;0.9;1.3;0.8;2.2;9.3;C;0.548;0.366;0.065;0.289;0.087;0.242;0.028;0.04;3.5;0.377;1.257;0.108;0.266;17.2
8;Alec Burks;32.0;6.0;0.0;20.2;4.2;8.3;0.5;2.0;4.7;0.4;2.2;3.7;0.6;0.6;4.5;5.3;0.8;0.7;2.7;3.3;1.0;0.2;0.2;1.0;1.0;14.8;SG;0.405;0.297;0.304;0.733;0.05;0.163;0.01;0.01;1.0;0.567;1.783;0.639;0.576;13.7
9;Alex Caruso;27.0;4.0;4.0;28.3;2.3;5.8;0.4;1.8;4.5;0.4;0.5;1.3;0.4;0.5;0.0;0.0;0.0;0.5;2.3;2.8;4.3;1.3;1.0;0.3;2.8;6.3;SG;0.857;0.159;0.0;0.223;0.152;0.099;0.046;0.035;14.333;0.7;1.086;0.0;0.216;11.9
10;Alex Len;29.0;7.0;0.0;7.7;1.0;1.3;0.8;0.0;0.0;0.0;1.0;1.3;0.8;0.8;0.7;0.9;0.8;1.0;1.9;2.9;0.1;0.0;0.4;1.0;2.1;2.7;C;0.0;0.741;0.259;0.351;0.013;0.377;0.0;0.052;0.1;0.414;2.077;0.692;0.35;4.6
11;Amir Coffey;25.5;3.5;1.5;9.8;0.6;1.8;0.2;0.2;0.9;0.1;0.4;0.9;0.2;0.2;0.0;0.0;0.0;0.2;0.6;0.8;0.2;0.2;0.1;0.4;0.5;1.4;SF;0.429;0.571;0.0;0.143;0.02;0.082;0.02;0.01;0.5;0.229;0.778;0.0;0.224;1.1
12;Andre Drummond;28.0;4.0;4.0;15.0;1.5;2.8;0.5;0.0;0.0;0.0;1.5;2.8;0.5;0.5;0.8;1.3;0.6;0.8;2.3;3.0;0.8;1.3;0.8;1.5;3.0;3.8;C;0.0;0.789;0.211;0.253;0.053;0.2;0.087;0.053;0.533;0.775;1.357;0.464;0.325;6.5
13;Andre Iguodala;38.0;7.0;0.0;8.7;0.6;1.3;0.4;0.1;0.4;0.3;0.4;0.9;0.5;0.5;0.3;0.4;0.7;0.4;0.6;1.0;1.7;0.0;0.3;0.6;1.6;1.6;SF;0.188;0.5;0.187;0.184;0.195;0.115;0.0;0.034;2.833;0.143;1.231;0.308;0.239;3.2
14;Andre Jackson Jr.;22.0;5.0;0.0;12.0;1.0;2.2;0.5;0.4;1.2;0.3;0.6;1.0;0.6;0.5;0.0;0.0;0.0;1.0;1.2;2.2;2.0;1.0;0.2;0.6;2.0;2.4;SG;0.5;0.5;0.0;0.2;0.167;0.183;0.083;0.017;3.333;0.44;1.091;0.0;0.233;6.0
15;Andrew Nembhard;24.0;17.0;17.0;32.6;6.0;10.7;0.6;1.7;3.5;0.5;4.3;7.2;0.6;0.6;1.2;1.5;0.8;0.8;2.5;3.3;5.5;0.4;0.2;1.4;3.3;14.9;PG;0.342;0.577;0.081;0.457;0.169;0.101;0.012;0.006;3.929;0.194;1.393;0.14;0.391;17.9
16;Andrew Wiggins;26.5;17.5;17.0;34.4;6.4;13.9;0.5;1.6;4.8;0.3;4.9;9.0;0.5;0.5;2.2;3.3;0.7;2.2;4.4;6.6;1.8;0.9;1.1;1.4;3.0;16.6;SF;0.289;0.59;0.133;0.483;0.052;0.192;0.026;0.032;1.286;0.377;1.194;0.237;0.487;17.0
17;Anthony Black;20.0;2.0;0.0;5.5;1.5;3.5;0.4;0.0;1.0;0.0;1.5;2.5;0.6;0.4;0.0;0.0;0.0;0.5;0.5;1.0;1.0;0.5;0.0;0.5;0.5;3.0;PG;0.0;1.0;0.0;0.545;0.182;0.182;0.091;0.0;2.0;0.5;0.857;0.0;0.727;3.0
18;Anthony Davis;29.5;10.5;10.5;39.8;10.0;17.2;0.6;0.2;1.0;0.2;9.9;16.2;0.6;0.6;5.0;6.0;0.8;2.7;12.1;14.8;3.3;0.9;2.4;2.2;3.4;25.2;C;0.024;0.786;0.198;0.633;0.083;0.372;0.023;0.06;1.5;1.41;1.465;0.349;0.554;36.2
19;Anthony Edwards;21.0;9.0;9.0;39.4;9.7;20.5;0.5;3.2;8.4;0.4;6.5;12.0;0.5;0.6;5.5;6.6;0.8;0.8;4.6;5.4;4.9;1.5;1.3;2.5;2.9;28.1;SG;0.342;0.463;0.196;0.713;0.124;0.137;0.038;0.033;1.96;0.6;1.371;0.322;0.657;26.8
20;Anthony Lamb;25.0;6.0;0.0;5.2;0.3;0.8;0.4;0.2;0.7;0.2;0.2;0.2;1.0;0.5;0.0;0.0;0.0;0.2;0.8;1.0;0.0;0.2;0.2;0.3;0.5;0.8;SF;0.75;0.5;0.0;0.154;0.0;0.192;0.038;0.038;0.0;0.167;1.0;0.0;0.212;1.4
21;Armoni Brooks;23.0;4.0;0.0;2.0;0.0;1.0;0.0;0.0;1.0;0.0;0.0;0.0;0.0;0.0;0.0;0.0;0.0;0.0;0.5;0.5;0.0;0.0;0.0;1.0;0.0;1.0;PG;0.0;0.0;0.0;0.5;0.0;0.25;0.0;0.0;0.0;0.125;1.0;0.0;1.0;-0.5
22;Austin Reaves;24.5;10.5;10.5;35.5;5.8;12.4;0.5;1.9;5.4;0.4;3.9;7.0;0.6;0.5;3.3;3.7;0.9;1.2;3.0;4.1;4.1;1.0;0.4;1.2;2.0;16.8;SG;0.339;0.464;0.196;0.473;0.115;0.115;0.028;0.011;3.417;0.4;1.355;0.298;0.429;18.3
23;Austin Rivers;29.5;4.5;0.0;16.6;1.3;2.8;0.5;0.6;2.0;0.3;0.6;0.8;0.8;0.6;0.1;0.1;0.5;0.2;0.8;1.0;0.8;0.8;0.1;0.6;1.6;3.4;SG;0.529;0.353;0.029;0.205;0.048;0.06;0.048;0.006;1.333;0.222;1.214;0.036;0.207;4.0
24;Ayo Dosunmu;22.0;5.0;1.0;17.2;1.6;5.2;0.3;0.6;2.6;0.2;1.0;2.6;0.4;0.4;0.2;0.2;1.0;0.8;1.8;2.6;2.2;0.2;0.0;0.6;1.0;4.0;SG;0.45;0.5;0.05;0.233;0.128;0.151;0.012;0.0;3.667;0.52;0.769;0.038;0.342;4.8
25;Bam Adebayo;25.0;15.3;15.3;36.5;7.6;14.7;0.5;0.1;0.7;0.1;7.4;14.0;0.5;0.5;3.2;4.2;0.8;2.3;6.7;9.1;3.4;0.8;0.5;2.1;3.1;18.4;C;0.016;0.804;0.174;0.504;0.093;0.249;0.022;0.014;1.619;0.588;1.252;0.286;0.511;21.9
26;Ben Sheppard;22.0;17.0;2.0;19.7;1.8;4.2;0.4;1.1;2.9;0.4;0.7;1.2;0.6;0.6;0.4;0.5;0.8;0.6;2.4;3.0;1.0;0.5;0.1;0.6;1.9;5.2;SG;0.635;0.269;0.077;0.264;0.051;0.152;0.025;0.005;1.667;0.176;1.238;0.119;0.255;6.7
27;Bismack Biyombo;29.5;8.5;0.0;9.7;1.2;2.0;0.6;0.0;0.0;0.0;1.2;2.0;0.6;0.6;0.7;1.5;0.5;1.1;1.6;2.8;0.7;0.0;0.8;0.8;1.8;3.1;C;0.0;0.774;0.226;0.32;0.072;0.289;0.0;0.082;0.875;0.318;1.55;0.75;0.357;4.9
28;Blake Griffin;32.5;1.5;0.0;9.2;0.5;2.2;0.1;0.5;1.2;0.2;0.0;1.0;0.0;0.2;0.5;0.5;0.5;1.0;1.0;2.0;1.0;0.2;0.2;0.2;1.8;2.0;PF;0.75;0.0;0.25;0.217;0.109;0.217;0.022;0.022;5.0;1.333;0.909;0.227;0.285;3.5
29;Boban Marjanovic;33.0;3.0;0.0;2.0;0.3;1.3;0.2;0.0;0.0;0.0;0.3;1.3;0.2;0.2;0.7;0.7;1.0;0.0;1.0;1.0;0.0;0.3;0.0;0.7;0.0;1.3;C;0.0;0.462;0.538;0.65;0.0;0.5;0.15;0.0;0.0;0.333;1.0;0.538;1.154;0.9
30;Bobby Portis;27.0;7.7;4.3;25.8;5.1;11.0;0.5;0.9;3.2;0.3;4.2;7.8;0.6;0.5;1.1;1.5;0.8;2.3;7.6;9.8;1.0;0.5;0.3;1.2;2.5;12.2;C;0.221;0.689;0.09;0.473;0.039;0.38;0.019;0.012;0.833;1.286;1.109;0.136;0.498;16.4
31;Bogdan Bogdanovic;29.5;5.0;0.5;26.5;5.0;10.6;0.5;2.4;6.0;0.4;2.6;4.6;0.6;0.6;1.4;1.8;0.8;0.6;3.2;3.9;2.8;0.6;0.6;0.8;2.8;13.8;SG;0.522;0.377;0.101;0.521;0.106;0.147;0.023;0.023;3.5;0.76;1.302;0.17;0.46;14.8
32;Bojan Bogdanovic;33.0;5.0;3.0;24.2;4.2;9.8;0.4;1.6;4.6;0.4;2.5;5.2;0.3;0.5;2.1;2.9;0.7;0.4;3.2;3.6;1.4;0.2;0.2;1.2;2.4;12.0;PF;0.4;0.417;0.175;0.496;0.058;0.149;0.008;0.008;1.167;0.72;1.224;0.296;0.507;9.8
33;Bol Bol;24.0;3.0;0.0;4.3;0.3;1.0;0.3;0.0;0.0;0.0;0.3;1.0;0.3;0.3;0.0;0.0;0.0;0.0;1.3;1.3;0.0;0.3;0.0;1.0;0.7;0.7;PF;0.0;0.857;0.0;0.163;0.0;0.302;0.07;0.0;0.0;0.433;0.7;0.0;0.465;0.6
34;Bones Hyland;22.0;4.3;0.0;12.6;2.2;6.1;0.4;1.0;3.4;0.3;1.2;2.7;0.6;0.5;1.8;2.0;0.9;0.1;1.0;1.2;1.8;0.3;0.1;0.8;1.4;7.2;PG;0.417;0.333;0.25;0.571;0.143;0.095;0.024;0.008;2.25;0.256;1.18;0.328;0.617;5.6
35;Bradley Beal;30.0;4.0;4.0;38.5;6.5;14.8;0.4;2.5;5.8;0.4;4.0;9.0;0.4;0.5;1.0;1.3;0.8;1.5;1.3;2.8;4.5;0.8;0.3;3.3;3.8;16.5;SG;0.455;0.485;0.061;0.429;0.117;0.073;0.021;0.008;1.364;0.7;1.115;0.088;0.485;13.0
36;Brandon Boston Jr.;21.5;2.0;0.0;2.2;0.4;0.6;0.2;0.0;0.0;0.0;0.4;0.6;0.2;0.2;0.2;0.4;0.2;0.2;0.2;0.4;0.2;0.0;0.0;0.5;0.4;0.8;SF;0.0;1.0;0.25;0.364;0.091;0.182;0.0;0.0;0.4;0.2;1.333;0.667;0.58;0.5
37;Brandon Clarke;25.0;12.0;0.0;24.7;4.7;7.6;0.6;0.0;0.1;0.0;4.7;7.5;0.6;0.6;3.0;4.5;0.7;3.1;3.8;6.9;2.0;0.8;0.8;1.0;1.9;12.3;PF;0.0;0.764;0.244;0.498;0.081;0.279;0.032;0.032;2.0;0.575;1.618;0.592;0.428;17.4
38;Brandon Ingram;25.0;5.0;5.0;37.8;7.0;16.8;0.4;1.2;3.2;0.3;5.9;13.5;0.4;0.4;5.4;6.3;0.9;0.5;4.9;5.4;4.8;0.8;0.8;3.0;1.9;20.6;SF;0.175;0.573;0.262;0.545;0.127;0.143;0.021;0.021;1.6;1.08;1.226;0.375;0.597;18.7
39;Brook Lopez;34.0;7.7;7.7;32.5;6.4;11.5;0.6;1.2;3.2;0.4;5.3;8.3;0.6;0.6;1.7;2.3;0.7;2.3;3.3;5.5;1.2;0.6;1.5;1.5;2.2;15.8;C;0.228;0.671;0.108;0.486;0.037;0.169;0.018;0.046;0.8;0.727;1.374;0.2;0.431;17.5
40;Bruce Brown;25.5;12.0;2.0;30.6;4.9;9.0;0.5;1.2;3.2;0.4;3.7;5.9;0.6;0.6;2.0;2.5;0.8;1.2;3.3;4.4;2.3;1.2;0.6;1.8;3.2;13.0;SF;0.277;0.569;0.154;0.425;0.075;0.144;0.039;0.02;1.278;0.375;1.444;0.278;0.389;15.2
41;Bryn Forbes;28.0;5.0;0.0;15.2;1.2;3.0;0.4;0.8;2.2;0.4;0.4;0.8;0.5;0.5;0.8;1.0;0.8;0.2;0.4;0.6;1.4;0.2;0.0;0.4;1.4;4.0;SG;0.6;0.2;0.2;0.263;0.092;0.039;0.013;0.0;3.5;0.12;1.333;0.333;0.253;3.8
42;Buddy Hield;31.0;4.0;0.0;12.8;1.8;4.3;0.4;1.5;3.3;0.5;0.3;1.0;0.2;0.6;0.5;0.5;1.0;0.5;0.8;1.3;0.5;0.0;0.3;0.5;1.0;5.5;SG;0.818;0.109;0.091;0.43;0.039;0.102;0.0;0.023;1.0;0.325;1.279;0.116;0.392;4.6
43;CJ McCollum;31.0;5.0;5.0;38.0;8.0;19.6;0.4;2.3;7.9;0.3;5.6;11.8;0.5;0.5;1.8;2.4;0.8;1.2;4.6;5.8;4.8;1.2;0.8;3.2;3.0;20.0;SG;0.345;0.56;0.09;0.526;0.126;0.153;0.032;0.021;1.5;1.16;1.02;0.122;0.628;17.2
44;Caleb Houstan;21.0;3.0;0.0;4.7;0.3;0.7;0.5;0.3;0.7;0.5;0.0;0.0;0.0;0.8;0.0;0.0;0.0;0.3;0.3;0.7;0.0;0.0;0.0;1.0;0.0;1.0;SF;0.9;0.0;0.0;0.213;0.0;0.149;0.0;0.0;0.0;0.2;1.429;0.0;0.362;0.2
45;Caleb Martin;27.0;15.0;3.0;25.9;3.6;7.6;0.5;1.6;3.8;0.4;2.0;3.7;0.5;0.6;0.8;1.0;0.7;1.0;2.8;3.7;1.1;0.7;0.2;0.7;2.1;9.6;SF;0.5;0.417;0.083;0.371;0.042;0.143;0.027;0.008;1.571;0.253;1.263;0.132;0.337;10.5
46;Cam Thomas;20.5;1.5;0.0;4.0;0.8;1.8;0.2;0.0;0.5;0.0;0.8;1.2;0.3;0.2;0.0;0.0;0.0;0.0;0.2;0.2;0.2;0.0;0.0;0.2;0.5;1.5;SG;0.0;1.067;0.0;0.375;0.05;0.05;0.0;0.0;1.0;0.133;0.833;0.0;0.5;0.7
47;Cameron Johnson;25.5;8.5;3.5;31.3;5.2;10.7;0.5;2.4;5.8;0.4;2.9;5.0;0.6;0.6;1.8;2.2;0.8;0.8;3.9;4.6;2.2;0.6;0.2;1.1;2.4;14.6;PF;0.493;0.397;0.123;0.466;0.07;0.147;0.019;0.006;2.0;0.553;1.364;0.206;0.408;15.3
48;Cameron Payne;28.0;8.3;1.3;15.7;2.3;5.9;0.4;1.2;3.3;0.3;1.1;2.6;0.4;0.5;0.1;0.3;0.3;0.1;1.5;1.6;2.1;0.4;0.4;1.0;2.0;6.0;PG;0.6;0.367;0.017;0.382;0.134;0.102;0.025;0.025;2.1;0.193;1.017;0.051;0.448;5.7
49;Caris LeVert;28.5;8.0;2.0;29.6;4.7;11.0;0.4;1.6;5.1;0.3;3.2;5.8;0.5;0.5;1.6;2.5;0.6;0.8;3.4;4.1;2.4;0.6;0.4;1.2;1.6;12.6;SG;0.381;0.508;0.127;0.426;0.081;0.139;0.02;0.014;2.0;0.525;1.145;0.227;0.449;11.8
50;Cason Wallace;20.0;10.0;0.0;19.8;1.6;4.1;0.4;0.9;2.8;0.3;0.7;1.3;0.5;0.5;0.1;0.2;0.5;0.7;0.6;1.3;1.0;0.9;0.2;0.4;1.4;4.2;SG;0.643;0.333;0.024;0.212;0.051;0.066;0.045;0.01;2.5;0.13;1.024;0.049;0.232;4.6
51;Cedi Osman;27.0;5.0;0.0;18.6;1.8;5.0;0.4;1.2;4.0;0.3;0.6;1.0;0.6;0.5;1.2;1.8;0.7;0.2;2.8;3.0;1.0;0.4;0.2;1.0;2.4;6.0;SF;0.6;0.2;0.2;0.323;0.054;0.161;0.022;0.011;1.0;0.6;1.2;0.36;0.365;5.8
52;Charles Bassey;21.0;3.0;0.0;4.0;0.3;0.7;0.5;0.0;0.0;0.0;0.3;0.7;0.5;0.5;0.0;0.3;0.0;0.3;1.3;1.7;0.3;0.0;0.3;1.0;0.3;0.7;PF;0.0;0.857;0.0;0.175;0.075;0.425;0.0;0.075;0.3;0.533;1.0;0.429;0.458;1.2
53;Chet Holmgren;21.0;10.0;10.0;34.5;5.9;11.9;0.5;1.3;5.0;0.3;4.6;6.9;0.7;0.6;2.5;3.3;0.8;1.4;5.8;7.2;2.1;0.7;2.5;1.9;2.6;15.6;C;0.25;0.59;0.16;0.452;0.061;0.209;0.02;0.072;1.105;0.72;1.311;0.277;0.442;19.4
54;Chimezie Metu;25.0;3.0;0.0;2.0;0.0;0.3;0.0;0.0;0.0;0.0;0.0;0.3;0.0;0.0;0.7;1.0;0.7;0.3;0.0;0.3;0.0;0.0;0.0;0.3;0.0;0.7;PF;0.0;0.0;1.0;0.35;0.0;0.15;0.0;0.0;0.0;0.1;2.333;3.333;0.52;0.1
55;Chris Boucher;29.0;6.0;0.0;21.7;4.3;7.0;0.6;1.0;2.5;0.4;3.3;4.5;0.7;0.7;1.5;1.7;0.9;2.0;3.8;5.8;0.2;0.2;1.2;0.3;2.2;11.2;PF;0.268;0.589;0.134;0.516;0.009;0.267;0.009;0.055;0.667;0.967;1.6;0.243;0.371;15.4
56;Chris Livingston;20.0;2.0;0.0;3.0;0.5;0.5;1.0;0.0;0.0;0.0;0.5;0.5;1.0;1.0;0.0;1.5;0.0;0.0;0.0;0.0;0.0;0.0;0.0;1.0;0.0;1.0;SF;0.0;1.0;0.0;0.333;0.0;0.0;0.0;0.0;0.0;0.0;2.0;3.0;0.72;-1.5
57;Chris Paul;36.5;10.0;10.0;35.1;6.1;12.4;0.5;1.4;3.9;0.4;4.6;8.6;0.6;0.5;1.5;1.7;0.7;0.6;4.0;4.6;7.8;1.6;0.4;1.7;2.7;15.0;PG;0.28;0.613;0.1;0.427;0.222;0.131;0.046;0.011;4.588;0.46;1.21;0.137;0.423;21.2
58;Christian Braun;21.5;15.5;0.0;15.0;1.6;3.4;0.5;0.2;1.0;0.2;1.4;2.4;0.6;0.5;0.8;1.2;0.6;0.7;1.6;2.4;0.7;0.4;0.3;0.3;1.5;4.2;SG;0.143;0.667;0.19;0.28;0.047;0.16;0.027;0.02;2.333;0.148;1.235;0.353;0.282;5.4
59;Chuma Okeke;25.0;2.0;0.0;5.0;1.0;1.5;0.7;0.5;1.0;0.5;0.5;0.5;1.0;0.8;0.5;0.5;1.0;0.0;0.0;0.0;0.5;0.0;0.0;1.0;0.0;3.0;SF;0.5;0.333;0.167;0.6;0.1;0.0;0.0;0.0;0.5;0.0;2.0;0.333;0.544;2.0
60;Clint Capela;27.5;4.0;4.0;22.6;2.4;4.6;0.5;0.0;0.0;0.0;2.4;4.6;0.5;0.5;0.4;0.5;0.3;2.2;5.6;7.9;0.2;0.8;0.5;0.6;0.9;5.2;C;0.0;0.923;0.077;0.23;0.009;0.35;0.035;0.022;0.333;1.95;1.13;0.109;0.24;11.6
61;Coby White;21.0;5.0;0.0;19.6;3.0;9.0;0.3;1.6;5.8;0.3;1.4;3.2;0.4;0.4;0.8;1.0;0.8;0.0;3.4;3.4;1.8;0.2;0.0;1.2;1.0;8.4;PG;0.571;0.333;0.095;0.429;0.092;0.173;0.01;0.0;1.5;0.68;0.933;0.111;0.543;6.4
62;Cody Zeller;30.0;21.0;0.0;8.3;1.0;1.7;0.6;0.0;0.0;0.0;1.0;1.7;0.6;0.6;0.3;0.7;0.4;0.5;1.8;2.3;0.3;0.1;0.2;0.6;1.3;2.2;C;0.0;0.909;0.136;0.265;0.036;0.277;0.012;0.024;0.5;0.11;1.294;0.412;0.314;3.4
63;Cole Anthony;23.0;7.0;0.0;14.7;1.9;5.9;0.3;0.3;1.9;0.2;1.6;4.0;0.4;0.3;1.1;1.3;0.9;0.3;1.9;2.1;1.3;0.6;0.1;0.7;2.3;5.1;PG;0.176;0.627;0.216;0.347;0.088;0.143;0.041;0.007;1.857;0.314;0.864;0.22;0.488;4.4
64;D'Angelo Russell;26.0;9.0;8.7;33.1;4.9;12.9;0.4;2.2;6.5;0.3;2.8;6.5;0.4;0.5;1.2;1.6;0.7;0.3;2.5;2.7;5.2;1.0;0.2;2.1;2.0;13.2;PG;0.5;0.424;0.091;0.399;0.157;0.082;0.03;0.006;2.476;0.311;1.023;0.124;0.474;11.9
65;DaQuan Jeffries;25.5;3.0;0.0;3.8;0.4;1.0;0.2;0.2;0.6;0.2;0.2;0.4;0.2;0.2;0.0;0.0;0.0;0.2;0.4;0.5;0.0;0.2;0.0;1.0;0.8;1.0;SG;0.6;0.4;0.0;0.263;0.0;0.132;0.053;0.0;0.0;0.2;1.0;0.0;0.526;0.2
66;Dalano Banton;22.0;4.0;0.0;2.0;0.5;0.5;1.0;0.0;0.0;0.0;0.5;0.5;1.0;1.0;0.8;1.5;0.5;0.5;0.0;0.5;0.3;0.3;0.0;0.3;0.0;1.8;PG;0.0;0.556;0.444;0.9;0.15;0.25;0.15;0.0;1.0;0.125;3.6;3.0;0.73;1.9
67;Damian Jones;28.0;2.0;0.0;4.5;0.0;1.0;0.0;0.0;0.0;0.0;0.0;0.0;0.0;0.0;0.0;0.0;0.0;0.5;0.5;1.0;1.0;0.0;0.5;1.0;0.0;1.0;C;0.0;0.0;0.0;0.222;0.222;0.222;0.0;0.111;1.0;0.5;1.0;0.0;0.444;1.5
68;Damian Lillard;33.0;4.0;4.0;39.0;8.5;20.3;0.4;5.0;12.0;0.4;3.5;8.3;0.4;0.5;9.3;9.5;1.0;0.5;2.8;3.3;5.0;1.0;0.0;2.3;2.0;31.3;PG;0.479;0.224;0.297;0.803;0.128;0.085;0.026;0.0;2.174;0.825;1.542;0.468;0.687;26.3
69;Damion Lee;29.5;12.0;0.0;9.4;0.8;2.3;0.3;0.4;1.4;0.2;0.5;0.8;0.6;0.4;0.2;0.2;0.8;0.4;1.1;1.5;0.5;0.2;0.0;0.2;0.8;2.0;SG;0.6;0.5;0.1;0.213;0.053;0.16;0.021;0.0;2.5;0.125;0.87;0.087;0.275;2.5
70;Daniel Gafford;25.0;22.0;22.0;20.2;3.5;5.6;0.6;0.0;0.0;0.0;3.5;5.6;0.6;0.6;1.9;3.0;0.6;1.9;3.6;5.5;0.7;0.3;1.5;0.9;1.7;9.0;PF;0.0;0.778;0.211;0.446;0.035;0.272;0.015;0.074;0.778;0.25;1.607;0.536;0.387;12.9
71;Daniel Theis;30.0;8.5;2.5;8.2;1.4;2.1;0.8;0.6;1.0;0.6;0.8;1.2;0.4;1.1;0.2;0.2;0.4;0.4;1.7;2.2;0.4;0.2;0.2;0.4;0.8;3.6;C;0.5;0.444;0.056;0.439;0.049;0.268;0.024;0.024;1.0;0.247;1.714;0.095;0.316;5.4
72;Danilo Gallinari;34.0;4.0;1.5;17.4;2.4;5.8;0.4;0.4;1.8;0.1;2.0;4.0;0.6;0.5;1.6;1.8;0.9;0.4;3.2;3.6;0.8;0.1;0.0;0.6;0.6;7.0;PF;0.171;0.571;0.229;0.402;0.046;0.207;0.006;0.0;1.333;0.9;1.207;0.31;0.413;7.3
73;Danny Green;34.5;8.0;6.0;18.3;1.6;4.4;0.3;1.4;3.6;0.3;0.2;0.7;0.2;0.4;0.0;0.0;0.0;0.6;1.8;2.4;0.6;0.8;0.3;0.8;1.8;4.7;SF;0.894;0.085;0.0;0.257;0.033;0.131;0.044;0.016;0.75;0.3;1.068;0.0;0.284;5.2
74;Dante Exum;28.0;21.0;0.0;6.9;0.8;2.1;0.4;0.3;1.0;0.4;0.4;1.1;0.4;0.4;0.2;0.3;0.7;0.1;0.7;0.8;0.6;0.1;0.0;0.2;0.4;2.0;PG;0.45;0.4;0.1;0.29;0.087;0.116;0.014;0.0;3.0;0.038;0.952;0.143;0.352;1.9
75;Danuel House Jr.;28.5;6.5;0.0;12.4;1.4;3.4;0.4;0.2;1.5;0.2;1.2;1.8;0.7;0.5;0.6;0.7;0.9;0.2;2.1;2.2;0.4;0.0;0.1;0.6;0.9;3.6;SF;0.167;0.667;0.167;0.29;0.032;0.177;0.0;0.008;0.667;0.354;1.059;0.206;0.347;3.7
76;Darius Garland;23.5;8.5;8.5;36.9;6.6;15.2;0.4;2.2;6.1;0.4;4.3;9.0;0.5;0.5;2.8;3.4;0.8;0.0;2.6;2.7;5.4;1.4;0.2;3.0;3.1;18.2;PG;0.363;0.473;0.154;0.493;0.146;0.073;0.038;0.005;1.8;0.306;1.197;0.224;0.534;15.6
77;David Duke Jr.;23.0;1.0;0.0;5.0;1.0;3.0;0.3;0.0;1.0;0.0;1.0;2.0;0.5;0.3;0.0;0.0;0.0;0.0;0.0;0.0;0.0;0.0;0.0;1.0;1.0;2.0;SG;0.0;1.0;0.0;0.4;0.0;0.0;0.0;0.0;0.0;0.0;0.667;0.0;0.8;-1.0
78;David Roddy;21.5;4.0;0.0;7.1;0.6;2.4;0.1;0.5;1.6;0.2;0.2;0.8;0.1;0.2;0.1;0.1;0.5;0.4;1.1;1.4;0.4;0.0;0.2;0.1;0.5;1.9;PF;0.789;0.211;0.053;0.268;0.056;0.197;0.0;0.028;4.0;0.375;0.792;0.042;0.358;2.1
79;Davion Mitchell;24.0;7.0;0.0;20.0;2.7;6.6;0.4;1.0;3.9;0.3;1.7;2.7;0.6;0.5;0.7;0.9;0.8;0.4;0.9;1.3;1.7;0.9;0.1;0.9;1.0;7.1;PG;0.423;0.479;0.099;0.355;0.085;0.065;0.045;0.005;1.889;0.186;1.076;0.136;0.395;6.1
80;Davis Bertans;29.0;18.0;0.0;10.7;1.2;3.1;0.4;1.1;2.8;0.4;0.2;0.2;0.8;0.6;0.6;0.7;0.8;0.2;1.2;1.4;0.3;0.4;0.1;0.2;1.4;4.1;PF;0.805;0.098;0.146;0.383;0.028;0.131;0.037;0.009;1.5;0.078;1.323;0.226;0.337;4.1
81;Day'Ron Sharpe;20.5;1.5;0.0;5.0;0.5;0.8;0.3;0.0;0.0;0.0;0.5;0.8;0.3;0.3;0.5;0.5;0.5;0.5;1.0;1.5;1.2;0.0;0.2;0.5;0.8;1.5;PF;0.0;0.667;0.333;0.3;0.24;0.3;0.0;0.04;2.4;1.0;1.875;0.625;0.304;3.6
82;De'Aaron Fox;25.0;7.0;7.0;38.6;10.0;23.6;0.4;3.0;9.0;0.3;7.0;14.6;0.5;0.5;4.4;5.9;0.8;1.7;3.7;5.4;7.7;2.1;0.6;4.0;3.3;27.4;PG;0.328;0.511;0.161;0.71;0.199;0.14;0.054;0.016;1.925;0.771;1.161;0.25;0.782;24.1
83;De'Andre Hunter;24.5;5.5;5.5;36.2;7.2;14.1;0.5;2.3;5.8;0.4;4.8;8.3;0.6;0.6;2.2;2.8;0.8;0.8;4.0;4.8;0.9;0.8;0.2;1.8;3.6;19.0;SF;0.363;0.505;0.116;0.525;0.025;0.133;0.022;0.006;0.5;0.873;1.348;0.199;0.473;16.4
84;De'Anthony Melton;24.0;7.3;0.0;16.3;1.6;5.3;0.2;0.9;3.6;0.2;0.7;1.7;0.3;0.3;0.3;0.4;0.5;0.7;1.7;2.5;1.4;0.7;0.4;0.7;1.2;4.5;SG;0.6;0.311;0.067;0.276;0.086;0.153;0.043;0.025;2.0;0.329;0.849;0.075;0.379;4.9
85;DeAndre Jordan;34.0;3.0;0.7;6.8;0.9;1.2;0.7;0.0;0.0;0.0;0.9;1.2;0.7;0.7;0.4;0.5;0.5;0.3;1.3;1.6;0.2;0.2;0.5;0.4;1.3;2.2;C;0.0;0.818;0.182;0.324;0.029;0.235;0.029;0.074;0.5;0.533;1.833;0.417;0.268;3.9
86;DeMar DeRozan;32.0;5.0;5.0;40.6;7.8;19.0;0.4;0.0;1.8;0.0;7.8;17.2;0.5;0.4;5.2;6.0;0.9;0.2;5.2;5.4;4.8;1.8;0.4;2.2;2.4;20.8;PF;0.0;0.75;0.25;0.512;0.118;0.133;0.044;0.01;2.182;1.08;1.095;0.316;0.587;19.0
87;DeMarcus Cousins;31.0;5.0;0.0;11.4;3.8;5.8;0.7;0.8;1.2;0.7;3.0;4.6;0.7;0.7;2.2;3.0;0.7;0.6;2.8;3.4;1.2;0.6;0.2;1.4;1.8;10.6;C;0.226;0.566;0.208;0.93;0.105;0.298;0.053;0.018;0.857;0.68;1.828;0.517;0.747;11.8
88;Dean Wade;26.5;2.5;0.5;13.2;0.6;2.4;0.2;0.5;1.9;0.2;0.2;0.5;0.2;0.2;0.5;0.5;0.5;0.2;1.6;1.8;0.8;0.2;0.4;0.4;0.6;2.4;PF;0.625;0.167;0.208;0.182;0.061;0.136;0.015;0.03;2.0;0.72;1.0;0.208;0.229;3.4
89;Deandre Ayton;23.5;11.5;11.5;31.2;7.1;11.8;0.6;0.1;0.2;0.2;7.0;11.7;0.6;0.6;1.4;2.4;0.6;2.7;6.6;9.3;1.4;0.5;0.8;1.6;3.0;15.6;C;0.019;0.897;0.09;0.5;0.045;0.298;0.016;0.026;0.875;0.809;1.322;0.203;0.463;20.3
90;Dejounte Murray;26.0;5.0;5.0;38.0;9.2;20.6;0.4;2.8;7.4;0.4;6.4;13.2;0.5;0.5;1.8;1.8;1.0;1.8;5.4;7.2;6.8;2.0;0.2;2.0;1.4;23.0;SG;0.365;0.557;0.078;0.605;0.179;0.189;0.053;0.005;3.4;1.44;1.117;0.087;0.616;25.8
91;Delon Wright;30.0;4.5;0.5;27.1;3.0;5.4;0.6;1.2;2.6;0.5;1.8;2.8;0.6;0.7;0.8;1.2;0.8;1.4;2.6;3.9;2.3;0.9;0.2;0.5;0.8;8.1;SG;0.444;0.444;0.099;0.299;0.085;0.144;0.033;0.007;4.6;0.889;1.5;0.222;0.237;12.2
92;Dennis Schröder;29.0;16.0;3.0;26.1;2.6;6.4;0.4;0.8;2.4;0.3;1.8;4.0;0.4;0.5;1.4;1.8;0.8;0.2;1.8;1.9;2.9;1.0;0.2;1.3;2.5;7.4;PG;0.324;0.486;0.189;0.284;0.111;0.073;0.038;0.008;2.231;0.125;1.156;0.281;0.325;8.0
93;Dereck Lively II;19.0;21.0;0.0;22.0;3.0;4.5;0.7;0.0;0.0;1.0;3.0;4.5;0.7;0.7;1.7;2.9;0.6;2.7;4.7;7.4;1.3;0.4;1.0;1.0;2.3;7.9;C;0.0;0.759;0.215;0.359;0.059;0.336;0.018;0.045;1.3;0.352;1.756;0.644;0.308;14.3
94;Derrick Jones Jr.;25.0;13.5;11.0;20.6;2.4;5.4;0.4;0.8;2.6;0.3;1.6;2.8;0.6;0.5;0.7;1.0;0.7;1.0;1.4;2.4;0.8;0.4;0.5;0.7;2.0;6.4;PF;0.375;0.5;0.109;0.311;0.039;0.117;0.019;0.024;1.143;0.178;1.185;0.185;0.317;6.5
95;Derrick Rose;34.0;1.0;0.0;3.0;0.0;4.0;0.0;0.0;1.0;0.0;0.0;3.0;0.0;0.0;0.0;0.0;0.0;0.0;0.0;0.0;1.0;0.0;0.0;1.0;0.0;1.0;PG;0.0;0.0;0.0;0.333;0.333;0.0;0.0;0.0;1.0;0.0;0.25;0.0;1.667;-3.0
96;Derrick White;28.0;20.7;12.7;30.2;4.4;9.9;0.4;2.3;5.9;0.4;2.1;4.0;0.5;0.6;1.7;2.0;0.9;0.7;2.8;3.4;3.0;0.8;0.9;1.0;2.1;12.9;SG;0.535;0.326;0.132;0.427;0.099;0.113;0.026;0.03;3.0;0.169;1.303;0.202;0.39;14.3
97;Desmond Bane;23.5;9.0;9.0;37.1;7.2;16.3;0.4;3.2;7.8;0.4;4.2;8.4;0.5;0.6;3.5;3.8;0.9;0.8;4.0;4.9;2.7;0.7;0.4;2.0;2.6;21.2;SF;0.453;0.396;0.165;0.571;0.073;0.132;0.019;0.011;1.35;0.533;1.301;0.233;0.538;18.4
98;Devin Booker;26.0;8.3;8.3;39.9;9.6;18.6;0.5;2.5;5.7;0.4;7.1;12.9;0.5;0.6;6.6;7.2;0.9;0.8;3.5;4.3;5.9;1.3;0.5;3.0;3.5;28.2;SG;0.266;0.504;0.234;0.707;0.148;0.108;0.033;0.013;1.967;0.518;1.516;0.387;0.621;27.6
99;Devonte' Graham;26.0;6.0;0.0;10.0;1.0;3.0;0.3;0.8;2.3;0.4;0.2;0.7;0.2;0.5;1.2;1.3;0.9;0.3;1.2;1.5;0.7;0.2;0.2;0.7;0.5;4.0;PG;0.6;0.1;0.3;0.4;0.07;0.15;0.02;0.02;1.0;0.25;1.333;0.433;0.427;3.8
100;Dewayne Dedmon;32.5;7.5;0.0;7.4;0.8;2.1;0.2;0.0;0.8;0.0;0.7;1.2;0.3;0.2;0.4;0.4;0.4;0.6;1.4;2.0;0.2;0.0;0.1;0.8;1.8;1.9;C;0.0;0.737;0.211;0.257;0.027;0.27;0.0;0.014;0.25;0.267;0.905;0.19;0.416;2.1
101;Dillon Brooks;26.5;8.5;8.5;29.2;4.8;14.2;0.3;2.0;6.8;0.3;2.8;7.4;0.4;0.4;1.2;1.8;0.7;0.6;2.2;2.8;2.2;0.6;0.2;1.6;3.3;12.6;SF;0.476;0.444;0.095;0.432;0.075;0.096;0.021;0.007;1.375;0.329;0.887;0.127;0.568;6.8
102;Domantas Sabonis;26.0;7.0;7.0;34.7;7.0;14.1;0.5;0.1;0.7;0.2;6.9;13.4;0.5;0.5;2.3;4.0;0.6;4.4;6.6;11.0;4.7;1.4;0.9;3.7;4.0;16.4;C;0.018;0.841;0.14;0.473;0.135;0.317;0.04;0.026;1.27;1.571;1.163;0.284;0.564;21.9
103;Donovan Mitchell;26.0;7.0;7.0;39.3;9.5;21.8;0.4;2.4;8.4;0.3;7.1;13.4;0.5;0.5;4.7;5.7;0.8;0.7;4.2;4.9;5.9;1.3;0.5;3.1;2.7;26.1;SG;0.276;0.544;0.18;0.664;0.15;0.125;0.033;0.013;1.903;0.7;1.197;0.261;0.697;22.3
104;Donte DiVincenzo;26.5;13.0;7.0;27.0;4.0;9.8;0.4;2.4;5.8;0.4;1.7;4.0;0.4;0.5;1.3;1.6;0.8;0.9;2.6;3.5;2.7;1.0;0.6;1.2;1.8;11.6;SG;0.621;0.293;0.112;0.43;0.1;0.13;0.037;0.022;2.25;0.269;1.184;0.163;0.433;12.1
105;Dorian Finney-Smith;28.5;11.0;11.0;31.8;3.2;7.2;0.4;2.2;5.2;0.4;1.0;2.1;0.5;0.6;0.4;0.6;0.4;1.6;3.4;5.0;1.4;0.8;0.4;1.2;2.4;9.0;PF;0.733;0.222;0.044;0.283;0.044;0.157;0.025;0.013;1.167;0.455;1.25;0.083;0.272;11.2
106;Doug McDermott;32.0;10.0;0.0;6.4;0.5;1.1;0.5;0.3;0.8;0.4;0.2;0.3;0.7;0.6;0.0;0.0;0.0;0.2;0.1;0.3;0.7;0.0;0.2;0.1;0.5;1.3;SF;0.692;0.308;0.0;0.203;0.109;0.047;0.0;0.031;7.0;0.03;1.182;0.0;0.188;1.8
107;Draymond Green;31.5;17.0;15.5;31.3;3.3;7.0;0.5;0.4;1.8;0.2;3.0;5.4;0.6;0.5;1.7;2.4;0.7;1.4;5.6;7.0;6.6;1.3;1.0;2.5;4.0;8.7;PF;0.138;0.69;0.195;0.278;0.211;0.224;0.042;0.032;2.64;0.412;1.243;0.343;0.337;17.7
108;Drew Eubanks;26.0;3.0;0.0;12.3;2.3;4.0;0.6;0.0;0.0;0.0;2.3;4.0;0.6;0.6;1.0;1.0;1.0;0.0;1.3;1.3;0.0;0.7;0.3;0.7;2.0;5.7;C;0.0;0.807;0.175;0.463;0.0;0.106;0.057;0.024;0.0;0.433;1.425;0.25;0.418;5.6
109;Duncan Robinson;28.0;13.7;0.3;14.1;2.1;4.8;0.4;1.4;3.7;0.4;0.7;1.1;0.6;0.5;0.2;0.3;0.6;0.1;1.3;1.4;1.1;0.3;0.1;0.7;1.5;5.7;SG;0.737;0.246;0.035;0.404;0.078;0.099;0.021;0.007;1.571;0.102;1.188;0.062;0.399;5.1
110;Dwight Powell;31.0;15.5;9.0;8.6;0.6;1.0;0.5;0.0;0.0;0.0;0.6;1.0;0.5;0.5;0.6;0.9;0.6;0.6;1.2;1.8;0.2;0.2;0.2;0.4;1.5;1.8;C;0.0;0.667;0.333;0.209;0.023;0.209;0.023;0.023;0.5;0.116;1.8;0.9;0.209;3.1
111;Dyson Daniels;20.0;3.0;0.0;5.7;0.7;2.0;0.3;0.0;0.7;0.0;0.7;1.3;0.5;0.3;0.0;0.0;0.0;0.0;0.7;0.7;0.0;0.7;0.0;0.3;0.0;1.3;PG;0.0;1.077;0.0;0.228;0.0;0.123;0.123;0.0;0.0;0.233;0.65;0.0;0.404;1.1
112;E.J. Liddell;23.0;1.0;0.0;3.0;0.0;1.0;0.0;0.0;0.0;0.0;0.0;0.0;0.0;0.0;0.0;0.0;0.0;0.0;1.0;1.0;0.0;0.0;0.0;1.0;0.0;1.0;PF;0.0;0.0;0.0;0.333;0.0;0.333;0.0;0.0;0.0;1.0;1.0;0.0;0.667;0.0
113;Edmond Sumner;27.0;1.0;0.0;4.0;0.0;1.0;0.0;0.0;0.0;0.0;0.0;0.0;0.0;0.0;0.0;0.0;0.0;0.0;0.0;0.0;1.0;0.0;0.0;1.0;0.0;1.0;SG;0.0;0.0;0.0;0.25;0.25;0.0;0.0;0.0;1.0;0.0;1.0;0.0;0.5;0.0
114;Elfrid Payton;27.0;2.0;0.0;4.0;1.0;1.5;0.7;0.0;0.0;0.0;1.0;1.5;0.7;0.7;0.0;0.0;0.0;0.0;0.0;0.0;1.5;0.0;0.0;1.0;0.0;2.0;PG;0.0;1.0;0.0;0.5;0.375;0.0;0.0;0.0;1.5;0.0;1.333;0.0;0.625;2.0
115;Eric Gordon;34.5;4.5;2.5;29.6;3.0;7.9;0.4;1.9;5.0;0.4;1.0;2.9;0.4;0.5;1.4;1.6;0.9;0.2;1.4;1.6;2.0;1.0;0.4;0.9;1.8;9.1;SG;0.626;0.22;0.154;0.307;0.068;0.054;0.034;0.014;2.222;0.356;1.152;0.203;0.321;8.1
116;Eric Paschall;25.0;4.0;0.0;6.0;0.8;1.5;0.5;0.3;0.5;0.5;0.5;1.0;0.5;0.6;0.3;0.3;1.0;0.3;1.0;1.3;0.0;0.3;0.0;1.0;0.8;2.0;PF;0.45;0.5;0.15;0.333;0.0;0.217;0.05;0.0;0.0;0.325;1.333;0.2;0.439;1.9
117;Evan Mobley;21.5;8.5;8.5;36.4;5.6;10.9;0.5;0.2;0.8;0.1;5.4;10.0;0.5;0.5;1.6;2.3;0.7;2.8;6.9;9.6;2.2;0.7;1.7;2.1;2.7;12.9;PF;0.047;0.837;0.124;0.354;0.06;0.264;0.019;0.047;1.048;1.141;1.183;0.211;0.385;19.1
118;Facundo Campazzo;30.0;4.0;0.0;3.3;0.0;0.5;0.0;0.0;0.5;0.0;0.0;0.0;0.0;0.0;0.0;0.0;0.0;0.0;0.8;0.8;0.5;0.0;0.0;0.5;0.8;1.0;PG;0.0;0.0;0.0;0.303;0.152;0.242;0.0;0.0;1.0;0.2;2.0;0.0;0.303;1.3
119;Frank Ntilikina;23.0;12.0;0.0;10.4;0.7;2.0;0.3;0.5;1.7;0.3;0.2;0.3;0.5;0.5;0.1;0.1;1.0;0.2;0.8;1.0;0.8;0.7;0.1;0.5;1.6;1.9;PG;0.789;0.211;0.053;0.183;0.077;0.096;0.067;0.01;1.6;0.083;0.95;0.05;0.245;2.7
120;Franz Wagner;22.0;7.0;7.0;37.0;6.0;14.7;0.4;1.3;4.9;0.3;4.7;9.9;0.5;0.5;5.6;6.3;0.9;1.4;5.4;6.9;4.4;0.7;1.3;1.3;2.9;18.9;SF;0.206;0.497;0.296;0.511;0.119;0.186;0.019;0.035;3.385;0.971;1.286;0.429;0.507;21.4
121;Fred VanVleet;27.0;4.0;4.0;35.0;4.8;13.5;0.4;3.0;9.0;0.3;1.8;4.5;0.4;0.5;1.3;1.5;0.8;0.5;2.5;3.0;6.3;1.8;1.0;1.0;3.0;13.8;PG;0.652;0.261;0.094;0.394;0.18;0.086;0.051;0.029;6.3;0.75;1.022;0.111;0.433;16.0
122;Furkan Korkmaz;24.5;6.0;0.0;5.2;0.6;1.6;0.2;0.2;0.7;0.2;0.4;0.8;0.3;0.3;0.4;0.4;1.0;0.0;0.8;0.8;0.4;0.0;0.0;0.2;0.4;1.9;SG;0.316;0.421;0.211;0.365;0.077;0.154;0.0;0.0;2.0;0.133;1.187;0.25;0.38;1.9
123;Gabe Vincent;26.0;15.0;10.0;22.6;2.6;7.0;0.3;1.3;4.0;0.3;1.3;2.9;0.4;0.4;0.8;0.9;0.6;0.3;1.4;1.6;2.4;0.7;0.2;1.1;2.3;7.4;PG;0.527;0.351;0.108;0.327;0.106;0.071;0.031;0.009;2.182;0.113;1.057;0.129;0.376;6.8
124;Garrett Temple;35.0;1.0;0.0;2.0;0.0;1.0;0.0;0.0;0.0;0.0;0.0;0.0;0.0;0.0;0.0;0.0;0.0;0.0;1.0;1.0;0.0;0.0;0.0;1.0;0.0;1.0;SG;0.0;0.0;0.0;0.5;0.0;0.5;0.0;0.0;0.0;1.0;1.0;0.0;1.0;0.0
125;Gary Harris;29.0;6.0;6.0;26.5;1.3;4.7;0.3;1.2;3.7;0.3;0.2;1.0;0.2;0.4;0.3;0.3;1.0;0.8;1.2;2.0;0.7;1.2;0.5;0.3;3.0;4.2;SG;0.857;0.095;0.071;0.158;0.026;0.075;0.045;0.019;2.333;0.333;0.894;0.064;0.194;4.9
126;Gary Payton II;29.5;12.0;2.5;16.4;2.7;4.1;0.7;0.5;1.3;0.4;2.2;2.8;0.8;0.7;0.8;1.2;0.7;1.5;1.9;3.4;1.0;1.0;0.6;0.7;1.8;6.6;PG;0.227;0.667;0.121;0.402;0.061;0.207;0.061;0.037;1.429;0.283;1.61;0.293;0.325;10.1
127;Gary Trent Jr.;23.0;6.0;6.0;33.2;5.2;13.7;0.4;2.2;6.5;0.3;3.0;7.2;0.4;0.5;2.8;3.2;0.9;0.2;1.5;1.7;1.3;1.0;0.5;0.5;1.8;15.3;SG;0.431;0.392;0.183;0.461;0.039;0.051;0.03;0.015;2.6;0.283;1.117;0.234;0.47;10.4
128;George Hill;35.0;5.0;0.0;15.2;0.2;1.0;0.2;0.2;0.4;0.5;0.0;0.6;0.0;0.3;0.4;0.4;1.0;0.2;1.0;1.2;0.6;0.0;0.0;0.2;2.0;1.0;SG;0.6;0.0;0.4;0.066;0.039;0.079;0.0;0.0;3.0;0.24;1.0;0.4;0.091;1.8
129;Georges Niang;29.0;11.0;0.0;14.3;1.4;3.8;0.4;0.9;2.8;0.3;0.5;1.0;0.6;0.5;0.3;0.3;0.6;0.2;0.8;1.0;0.5;0.2;0.1;0.6;1.9;4.0;PF;0.675;0.25;0.075;0.28;0.035;0.07;0.014;0.007;0.833;0.091;1.053;0.079;0.317;2.8
130;Giannis Antetokounmpo;27.5;7.5;7.5;33.8;10.5;20.8;0.5;0.4;2.2;0.1;10.1;18.5;0.5;0.5;6.2;10.8;0.6;2.4;10.2;12.6;6.0;0.5;1.0;4.6;3.3;27.5;PF;0.044;0.735;0.225;0.814;0.178;0.373;0.015;0.03;1.304;1.68;1.322;0.519;0.892;28.1
131;Goga Bitadze;24.0;2.0;0.0;5.0;0.0;1.0;0.0;0.0;0.0;0.0;0.0;1.0;0.0;0.0;0.0;0.0;0.0;0.5;1.0;1.5;1.0;0.0;0.0;0.5;0.0;1.0;C;0.0;0.0;0.0;0.2;0.2;0.3;0.0;0.0;2.0;0.75;1.0;0.0;0.3;2.0
132;Goran Dragic;35.5;3.0;0.0;11.6;2.2;4.5;0.3;0.5;1.8;0.2;1.8;2.8;0.4;0.3;1.2;1.2;1.0;0.8;1.5;2.2;1.0;0.4;0.0;0.6;1.4;6.2;PG;0.242;0.581;0.194;0.534;0.086;0.19;0.034;0.0;1.667;0.767;1.378;0.267;0.485;7.0
133;Gordon Hayward;33.0;7.0;0.0;6.6;0.0;0.4;0.0;0.0;0.0;0.0;0.0;0.4;0.0;0.0;0.0;0.0;0.0;0.1;1.7;1.9;0.4;0.1;0.1;1.0;0.3;1.0;SF;0.0;0.0;0.0;0.152;0.061;0.288;0.015;0.015;0.4;0.257;2.5;0.0;0.212;2.0
134;Gorgui Dieng;32.0;2.0;0.0;5.0;0.5;1.0;0.5;0.0;0.5;0.0;0.5;0.5;1.0;0.5;0.5;0.5;1.0;0.5;1.0;1.5;0.0;0.0;0.0;1.0;0.0;1.5;C;0.0;0.667;0.333;0.3;0.0;0.3;0.0;0.0;0.0;0.75;1.5;0.5;0.444;1.5
135;Grant Williams;23.5;19.5;2.5;22.5;2.2;4.9;0.5;1.4;3.2;0.4;0.9;1.7;0.5;0.6;1.2;1.5;0.8;0.8;2.2;3.0;1.0;0.3;0.6;0.6;2.6;6.8;PF;0.618;0.265;0.176;0.302;0.044;0.133;0.013;0.027;1.667;0.154;1.388;0.306;0.274;8.1
136;Grayson Allen;27.0;6.3;4.0;25.6;2.5;5.8;0.4;1.6;4.1;0.4;0.8;1.7;0.3;0.5;1.3;1.4;0.8;0.5;2.6;3.1;1.4;0.5;0.1;1.0;1.7;7.8;SG;0.615;0.205;0.167;0.305;0.055;0.121;0.02;0.004;1.4;0.492;1.345;0.241;0.29;8.5
137;Greg Monroe;31.0;2.0;0.0;3.5;1.0;2.5;0.4;0.0;0.0;0.0;1.0;2.5;0.4;0.4;0.0;0.0;0.0;0.5;0.5;1.0;0.5;1.0;0.0;0.5;0.5;2.0;C;0.0;1.0;0.0;0.571;0.143;0.286;0.286;0.0;1.0;0.5;0.8;0.0;0.857;2.5
138;Harrison Barnes;30.0;7.0;7.0;28.0;3.6;8.6;0.4;0.9;3.6;0.2;2.7;5.0;0.5;0.5;2.7;3.7;0.7;1.4;2.0;3.4;0.7;1.1;0.3;0.4;0.7;10.7;PF;0.252;0.505;0.252;0.382;0.025;0.121;0.039;0.011;1.75;0.486;1.244;0.43;0.38;9.8
139;Hassan Whiteside;32.0;6.0;0.0;10.8;0.8;2.0;0.4;0.0;0.0;0.0;0.8;2.0;0.4;0.4;0.2;0.7;0.2;1.3;3.8;5.2;0.0;0.3;1.3;1.0;1.5;1.8;C;0.0;0.889;0.111;0.167;0.0;0.481;0.028;0.12;0.0;0.85;0.9;0.35;0.306;5.8
140;Haywood Highsmith;26.0;10.3;0.0;12.7;1.2;2.9;0.5;0.5;1.6;0.4;0.8;1.3;0.4;0.6;0.1;0.2;0.6;0.4;1.2;1.6;0.8;0.3;0.1;0.4;1.4;3.1;SF;0.484;0.516;0.032;0.244;0.063;0.126;0.024;0.008;2.0;0.155;1.069;0.069;0.267;3.7
141;Herbert Jones;24.0;5.0;5.0;36.5;3.8;8.8;0.4;1.4;4.0;0.4;2.4;4.8;0.5;0.5;2.9;3.4;0.9;1.4;2.8;4.2;2.2;1.6;0.6;2.0;3.8;11.8;PF;0.356;0.407;0.246;0.323;0.06;0.115;0.044;0.016;1.1;0.84;1.341;0.386;0.337;12.9
142;Hunter Tyson;23.0;3.0;0.0;4.7;0.0;1.3;0.0;0.0;1.0;0.0;0.0;0.3;0.0;0.0;0.3;0.7;0.5;0.3;0.7;1.0;0.3;0.0;0.0;0.3;0.0;0.3;PF;0.0;0.0;1.0;0.064;0.064;0.213;0.0;0.0;1.0;0.333;0.231;0.538;0.406;-0.4
143;Immanuel Quickley;23.0;8.0;0.0;21.9;2.9;8.3;0.3;1.1;4.6;0.2;1.8;3.6;0.5;0.4;2.1;2.5;0.8;0.3;1.4;1.6;1.0;0.5;0.0;1.1;1.4;9.0;SG;0.367;0.4;0.233;0.411;0.046;0.073;0.023;0.0;0.909;0.212;1.084;0.301;0.479;5.3
144;Isaac Bonga;22.0;1.0;0.0;3.0;0.0;1.0;0.0;0.0;0.0;0.0;0.0;0.0;0.0;0.0;2.0;2.0;1.0;0.0;1.0;1.0;0.0;0.0;0.0;1.0;1.0;2.0;SF;0.0;0.0;1.0;0.667;0.0;0.333;0.0;0.0;0.0;1.0;2.0;2.0;0.96;1.0
145;Isaac Okoro;22.5;8.5;4.5;18.4;2.2;5.2;0.4;0.8;2.8;0.3;1.4;2.4;0.6;0.5;0.9;1.0;0.9;0.5;1.0;1.6;1.0;0.6;0.4;0.8;2.2;6.0;SF;0.4;0.467;0.15;0.326;0.054;0.087;0.033;0.022;1.25;0.176;1.154;0.192;0.35;5.6
146;Isaiah Hartenstein;24.5;12.0;6.5;24.9;2.2;4.0;0.5;0.0;0.1;0.2;2.2;3.9;0.5;0.5;1.3;1.6;0.8;3.0;3.3;6.2;2.4;0.6;1.2;1.0;2.9;5.8;C;0.0;0.759;0.224;0.233;0.096;0.249;0.024;0.048;2.4;0.525;1.45;0.4;0.229;13.2
147;Isaiah Jackson;22.0;15.0;0.0;10.3;1.5;2.9;0.5;0.0;0.0;0.0;1.5;2.9;0.5;0.5;0.7;1.2;0.6;1.4;1.8;3.2;0.5;0.2;0.9;0.3;1.6;3.8;C;0.0;0.789;0.184;0.369;0.049;0.311;0.019;0.087;1.667;0.213;1.31;0.414;0.362;6.4
148;Isaiah Joe;23.0;8.5;1.0;9.7;1.3;3.1;0.4;0.8;2.2;0.4;0.4;0.9;0.5;0.5;0.0;0.0;0.0;0.2;1.0;1.2;0.5;0.2;0.0;0.4;0.6;3.6;SG;0.667;0.222;0.0;0.371;0.052;0.124;0.021;0.0;1.25;0.141;1.161;0.0;0.361;3.3
149;Isaiah Thomas;34.0;1.0;0.0;4.0;0.0;2.0;0.0;0.0;1.0;0.0;0.0;1.0;0.0;0.0;0.0;0.0;0.0;0.0;0.0;0.0;0.0;0.0;0.0;1.0;0.0;1.0;PG;0.0;0.0;0.0;0.25;0.0;0.0;0.0;0.0;0.0;0.0;0.5;0.0;0.75;-2.0
150;Ish Smith;34.0;4.0;0.0;3.0;0.3;0.5;0.5;0.0;0.0;0.0;0.3;0.5;0.5;0.5;0.0;0.0;0.0;0.0;0.3;0.3;0.3;0.0;0.0;1.0;0.5;0.5;PG;0.0;1.2;0.0;0.167;0.1;0.1;0.0;0.0;0.3;0.075;1.0;0.0;0.5;-0.1
151;Ish Wainright;27.5;6.5;0.0;3.6;0.4;1.2;0.3;0.3;0.8;0.4;0.2;0.4;0.2;0.5;0.0;0.0;0.0;0.5;0.4;0.9;0.0;0.0;0.2;0.2;0.3;1.2;PF;0.75;0.333;0.0;0.333;0.0;0.25;0.0;0.056;0.0;0.138;1.0;0.0;0.389;1.3
152;Ivica Zubac;25.5;5.5;5.5;29.0;5.2;8.8;0.6;0.0;0.0;0.0;5.2;8.8;0.6;0.6;2.3;3.2;0.7;3.1;6.4;9.4;0.8;0.7;0.4;1.8;2.6;12.7;C;0.0;0.819;0.181;0.438;0.028;0.324;0.024;0.014;0.444;1.727;1.443;0.364;0.414;17.8
153;Ja Morant;22.5;7.0;7.0;37.5;9.0;20.8;0.4;2.2;5.9;0.4;6.8;15.0;0.5;0.5;5.6;7.4;0.8;1.5;5.9;7.4;8.4;1.9;0.3;3.5;2.4;25.8;PG;0.256;0.527;0.217;0.688;0.224;0.197;0.051;0.008;2.4;1.057;1.24;0.356;0.735;26.7
154;JaMychal Green;31.5;6.0;1.0;10.4;1.2;3.2;0.4;0.4;1.8;0.2;0.8;1.5;0.6;0.5;0.7;0.7;0.5;0.3;1.2;1.5;0.4;0.0;0.2;0.4;1.9;3.6;PF;0.333;0.444;0.194;0.346;0.038;0.144;0.0;0.019;1.0;0.25;1.125;0.219;0.376;3.3
155;JaVale McGee;34.0;12.0;0.0;11.1;2.9;4.2;0.7;0.0;0.1;0.0;2.9;4.1;0.7;0.7;0.9;1.1;0.8;1.3;2.7;4.0;0.6;0.3;0.4;0.8;2.3;6.8;C;0.0;0.853;0.132;0.613;0.054;0.36;0.027;0.036;0.75;0.333;1.619;0.262;0.494;9.8
156;Jaden Hardy;21.0;19.0;0.0;6.8;1.5;3.6;0.4;0.6;1.4;0.4;0.9;2.2;0.4;0.5;0.6;0.8;0.7;0.1;0.7;0.8;0.9;0.2;0.0;0.4;0.7;4.2;SG;0.429;0.429;0.143;0.618;0.132;0.118;0.029;0.0;2.25;0.042;1.167;0.222;0.64;3.4
157;Jaden McDaniels;22.0;11.0;8.0;27.6;3.8;7.2;0.5;1.6;3.4;0.5;2.2;3.8;0.6;0.6;1.7;2.1;0.8;1.3;2.0;3.3;0.9;0.6;1.5;1.0;3.2;10.8;PF;0.444;0.407;0.157;0.391;0.033;0.12;0.022;0.054;0.9;0.3;1.5;0.292;0.331;12.3
158;Jaden Springer;20.0;4.3;0.0;4.1;0.7;1.0;0.7;0.0;0.1;0.0;0.7;0.9;0.8;0.7;0.1;0.2;0.2;0.0;0.5;0.5;0.2;0.1;0.1;0.3;0.3;1.5;SG;0.0;0.933;0.067;0.366;0.049;0.122;0.024;0.024;0.667;0.116;1.5;0.2;0.339;1.7
159;Jae Crowder;32.0;7.0;4.3;16.8;1.6;4.8;0.3;0.6;2.7;0.1;1.0;2.1;0.5;0.3;0.8;1.0;0.7;0.5;2.0;2.4;1.2;0.5;0.3;0.6;2.0;4.5;PF;0.4;0.444;0.178;0.268;0.071;0.143;0.03;0.018;2.0;0.357;0.938;0.208;0.348;5.0
160;Jaime Jaquez Jr.;22.0;4.0;4.0;30.8;5.3;13.0;0.4;0.8;3.3;0.2;4.5;9.8;0.5;0.4;1.5;1.8;0.9;0.5;2.8;3.3;3.0;0.8;0.5;1.8;1.5;12.8;SF;0.188;0.703;0.117;0.416;0.097;0.107;0.026;0.016;1.667;0.825;0.985;0.138;0.506;10.6
161;Jalen Brunson;26.0;14.0;14.0;38.3;9.9;21.5;0.5;1.9;6.0;0.3;7.9;15.5;0.5;0.5;5.6;6.8;0.8;0.7;3.5;4.3;5.6;1.0;0.1;2.0;2.2;27.3;PG;0.209;0.579;0.205;0.713;0.146;0.112;0.026;0.003;2.8;0.3;1.27;0.316;0.692;23.4
162;Jalen Johnson;20.5;4.0;0.0;6.9;0.8;2.8;0.2;0.4;1.2;0.2;0.5;1.6;0.2;0.2;0.2;0.2;0.5;0.2;1.1;1.2;0.6;0.2;0.0;0.6;0.4;2.2;PF;0.545;0.455;0.091;0.319;0.087;0.174;0.029;0.0;1.0;0.325;0.786;0.071;0.506;1.7
163;Jalen McDaniels;25.0;8.0;0.0;12.8;1.0;2.5;0.4;0.4;1.1;0.3;0.6;1.4;0.5;0.5;0.0;0.0;0.0;0.4;1.6;2.0;0.6;0.1;0.0;0.4;1.0;2.4;SF;0.5;0.5;0.0;0.187;0.047;0.156;0.008;0.0;1.5;0.25;0.96;0.0;0.227;3.2
164;Jalen Pickett;24.0;3.0;0.0;3.7;0.7;1.0;0.7;0.0;0.3;0.0;0.7;0.7;1.0;0.7;0.0;0.0;0.0;0.0;0.3;0.3;0.3;0.0;0.3;1.0;0.3;1.3;SG;0.0;1.077;0.0;0.351;0.081;0.081;0.0;0.081;0.3;0.1;1.3;0.0;0.541;0.9
165;Jalen Smith;23.0;7.0;0.0;6.0;0.4;1.1;0.4;0.3;0.6;0.5;0.1;0.6;0.2;0.5;0.7;1.1;0.6;1.0;1.0;2.0;0.3;0.3;0.1;0.6;1.1;1.9;C;0.474;0.105;0.368;0.317;0.05;0.333;0.05;0.017;0.5;0.286;1.727;1.0;0.364;2.9
166;Jalen Suggs;22.0;7.0;7.0;33.1;4.7;11.7;0.4;2.0;6.9;0.3;2.7;4.9;0.6;0.5;3.3;4.3;0.8;1.6;3.6;5.1;3.3;1.3;0.4;2.9;2.6;14.7;SG;0.408;0.367;0.224;0.444;0.1;0.154;0.039;0.012;1.138;0.743;1.256;0.368;0.498;14.0
167;Jalen Williams;22.0;10.0;10.0;37.7;7.5;16.0;0.5;1.5;3.9;0.4;6.0;12.1;0.5;0.5;2.2;2.7;0.8;1.3;5.5;6.8;5.4;1.7;0.5;1.9;2.1;18.7;PF;0.241;0.642;0.118;0.496;0.143;0.18;0.045;0.013;2.842;0.68;1.169;0.169;0.506;22.2
168;Jamal Murray;25.5;16.0;16.0;39.2;9.0;20.6;0.4;2.4;6.8;0.4;6.6;13.9;0.5;0.5;2.9;3.2;0.9;0.8;4.2;5.0;6.4;1.2;0.4;2.6;2.2;23.4;PG;0.308;0.564;0.124;0.597;0.163;0.128;0.031;0.01;2.462;0.312;1.136;0.155;0.628;21.9
169;James Harden;33.0;9.7;9.7;39.7;6.2;14.9;0.4;2.7;7.2;0.4;3.5;7.7;0.5;0.5;4.9;5.5;0.9;0.6;4.8;5.5;8.3;1.2;0.7;3.2;2.4;20.0;SG;0.405;0.35;0.245;0.504;0.209;0.139;0.03;0.018;2.594;0.557;1.342;0.369;0.517;23.1
170;James Johnson;36.0;1.0;0.0;1.0;0.0;1.0;0.0;0.0;0.0;0.0;0.0;0.0;0.0;0.0;1.0;2.0;0.5;0.0;0.0;0.0;0.0;0.0;0.0;1.0;0.0;1.0;PF;0.0;0.0;1.0;1.0;0.0;0.0;0.0;0.0;0.0;0.0;1.0;2.0;2.88;-2.0
171;Jarace Walker;20.0;9.0;0.0;3.4;0.3;1.1;0.3;0.0;0.3;0.0;0.3;0.8;0.4;0.3;0.2;0.3;0.7;0.1;0.3;0.4;0.4;0.2;0.1;0.7;0.2;0.9;PF;0.0;0.667;0.222;0.265;0.118;0.118;0.059;0.029;0.571;0.044;0.818;0.273;0.568;0.4
172;Jared Butler;21.0;1.0;0.0;5.0;0.0;2.0;0.0;0.0;0.0;0.0;0.0;2.0;0.0;0.0;0.0;0.0;0.0;0.0;1.0;1.0;0.0;0.0;0.0;1.0;0.0;1.0;SG;0.0;0.0;0.0;0.2;0.0;0.2;0.0;0.0;0.0;1.0;0.5;0.0;0.6;-1.0
173;Jaren Jackson Jr.;22.5;9.0;9.0;32.2;5.4;13.4;0.4;1.8;5.1;0.3;3.7;8.4;0.4;0.5;4.2;5.2;0.8;2.8;4.6;7.3;1.2;0.9;2.2;2.2;4.2;16.7;PF;0.323;0.443;0.251;0.519;0.037;0.227;0.028;0.068;0.545;0.822;1.246;0.388;0.556;17.2
174;Jarred Vanderbilt;22.5;10.5;9.5;19.0;1.9;4.2;0.4;0.2;1.0;0.1;1.6;3.3;0.5;0.5;1.0;1.5;0.7;1.6;3.6;5.2;0.8;1.0;0.6;0.8;2.4;5.0;PF;0.12;0.64;0.2;0.263;0.042;0.274;0.053;0.032;1.0;0.495;1.19;0.357;0.298;9.0
175;Jarrett Allen;24.5;4.5;4.5;35.0;5.4;8.2;0.6;0.0;0.0;0.0;5.4;8.2;0.6;0.6;2.6;3.8;0.6;3.4;7.2;10.6;1.8;1.0;1.0;1.0;2.0;13.2;C;0.0;0.818;0.197;0.377;0.051;0.303;0.029;0.029;1.8;2.356;1.61;0.463;0.311;22.6
176;Jarrett Culver;22.0;3.0;0.0;7.3;1.0;3.3;0.3;0.0;0.7;0.0;1.0;2.7;0.4;0.3;0.3;0.7;0.5;0.7;1.7;2.3;0.3;0.7;0.0;0.7;1.3;2.3;SG;0.0;0.87;0.13;0.315;0.041;0.315;0.096;0.0;0.429;0.8;0.697;0.212;0.59;2.3
177;Jason Preston;23.0;1.0;0.0;1.0;0.0;1.0;0.0;0.0;0.0;0.0;0.0;0.0;0.0;0.0;0.0;0.0;0.0;0.0;0.0;0.0;0.0;0.0;0.0;1.0;0.0;1.0;PG;0.0;0.0;0.0;1.0;0.0;0.0;0.0;0.0;0.0;0.0;1.0;0.0;2.0;-1.0
178;Javonte Green;28.0;5.0;1.0;14.4;0.6;3.4;0.2;0.0;1.2;0.0;0.6;2.2;0.3;0.2;0.2;0.4;0.5;1.6;1.4;3.0;0.4;1.8;0.0;0.8;1.6;1.4;SF;0.0;0.857;0.143;0.097;0.028;0.208;0.125;0.0;0.5;0.6;0.412;0.118;0.304;2.8
179;Jaxson Hayes;22.0;5.0;3.0;9.9;1.2;2.4;0.3;0.0;0.2;0.0;1.2;2.1;0.3;0.3;0.8;1.2;0.6;0.8;2.0;2.8;0.2;0.0;0.2;0.6;1.8;3.0;C;0.0;0.8;0.267;0.303;0.02;0.283;0.0;0.02;0.333;0.56;1.25;0.5;0.356;4.0
180;Jaylen Brown;26.0;21.0;21.0;37.7;8.8;17.9;0.5;2.1;6.1;0.4;6.7;11.8;0.6;0.6;3.5;4.9;0.7;1.3;4.9;6.1;3.4;1.1;0.5;3.0;2.9;23.2;SF;0.272;0.578;0.151;0.615;0.09;0.162;0.029;0.013;1.133;0.295;1.296;0.274;0.612;20.9
181;Jaylen Nowell;22.5;3.0;0.0;12.2;2.1;7.6;0.3;0.3;3.4;0.2;1.8;4.2;0.4;0.3;0.1;0.2;0.2;0.4;0.1;0.5;0.8;0.5;0.0;0.2;0.9;4.6;SG;0.196;0.783;0.022;0.377;0.066;0.041;0.041;0.0;4.0;0.167;0.605;0.026;0.647;0.6
182;Jaylin Williams;21.0;10.0;0.0;12.7;1.6;3.3;0.5;0.9;2.2;0.4;0.7;1.1;0.6;0.6;0.3;0.4;0.8;0.4;2.8;3.2;1.5;0.4;0.3;0.3;1.1;4.4;C;0.614;0.318;0.068;0.346;0.118;0.252;0.031;0.024;5.0;0.32;1.333;0.121;0.297;7.7
183;Jayson Tatum;24.0;21.0;21.0;40.5;8.7;19.8;0.4;2.7;7.9;0.3;6.0;11.9;0.5;0.5;6.0;7.1;0.8;1.1;7.9;9.0;5.9;1.1;0.9;3.2;2.7;25.9;SF;0.313;0.463;0.232;0.64;0.146;0.222;0.027;0.022;1.844;0.429;1.308;0.359;0.645;27.4
184;Jeff Green;35.5;12.5;2.5;19.9;1.3;3.2;0.4;0.6;1.5;0.3;0.8;1.8;0.4;0.5;0.8;1.0;0.8;0.8;1.8;2.6;0.6;0.4;0.4;0.4;1.7;4.0;C;0.45;0.4;0.2;0.201;0.03;0.131;0.02;0.02;1.5;0.208;1.25;0.312;0.203;5.5
185;Jeremiah Robinson-Earl;23.0;1.0;0.0;5.0;1.0;2.0;0.5;0.0;0.0;0.0;1.0;2.0;0.5;0.5;0.0;2.0;0.0;1.0;0.0;1.0;1.0;0.0;0.0;1.0;0.0;2.0;PF;0.0;1.0;0.0;0.4;0.2;0.2;0.0;0.0;1.0;1.0;1.0;1.0;0.776;0.0
186;Jericho Sims;25.0;5.0;0.0;5.4;0.4;0.4;1.0;0.0;0.0;0.0;0.4;0.4;1.0;1.0;0.6;0.8;0.8;0.6;1.0;1.6;0.2;0.4;0.2;1.0;0.2;1.4;C;0.0;0.571;0.429;0.259;0.037;0.296;0.074;0.037;0.2;0.32;3.5;2.0;0.324;2.6
187;Jett Howard;20.0;2.0;0.0;5.0;1.0;1.5;0.7;0.5;0.5;1.0;0.5;1.0;0.5;0.8;0.0;0.0;0.0;0.0;0.5;0.5;0.5;0.0;0.0;1.0;0.5;2.5;SF;0.6;0.4;0.0;0.5;0.1;0.1;0.0;0.0;0.5;0.25;1.667;0.0;0.5;2.0
188;Jevon Carter;26.5;7.5;0.0;11.9;0.6;2.0;0.3;0.3;1.2;0.3;0.4;0.8;0.5;0.4;0.1;0.1;0.5;0.2;1.1;1.2;1.0;0.5;0.0;0.2;0.7;1.7;PG;0.529;0.471;0.059;0.143;0.084;0.101;0.042;0.0;5.0;0.173;0.85;0.05;0.189;2.9
189;Jimmy Butler;32.5;19.5;19.5;38.4;9.6;19.7;0.5;1.4;3.8;0.3;8.2;15.9;0.5;0.5;6.6;8.2;0.8;2.2;4.6;7.0;5.2;2.0;0.6;1.7;1.6;27.2;SF;0.154;0.603;0.243;0.708;0.135;0.182;0.052;0.016;3.059;0.349;1.381;0.416;0.651;28.4
190;Jock Landale;27.0;7.0;1.0;16.1;2.4;3.9;0.6;0.0;0.1;0.0;2.4;3.7;0.7;0.6;1.3;2.0;0.6;1.4;2.6;4.0;0.4;0.4;0.4;0.3;2.1;6.1;C;0.0;0.787;0.213;0.379;0.025;0.248;0.025;0.025;1.333;0.571;1.564;0.513;0.316;8.8
191;Joe Harris;31.0;4.0;0.0;11.0;0.5;3.3;0.2;0.3;3.0;0.1;0.3;0.3;1.0;0.2;0.5;0.5;1.0;0.0;1.3;1.3;0.0;0.5;0.0;0.8;1.3;1.8;SF;0.5;0.333;0.278;0.164;0.0;0.118;0.045;0.0;0.0;0.325;0.545;0.152;0.393;0.0
192;Joe Ingles;35.5;6.0;0.0;13.8;1.5;3.2;0.4;1.2;2.5;0.4;0.4;0.6;0.5;0.6;0.0;0.2;0.2;0.2;1.3;1.5;1.8;0.5;0.1;0.6;0.9;4.2;SF;0.857;0.19;0.0;0.304;0.13;0.109;0.036;0.007;3.0;0.25;1.312;0.062;0.282;5.6
193;Joel Embiid;28.0;8.3;8.3;39.0;8.3;18.4;0.5;1.2;4.3;0.2;7.2;14.1;0.5;0.5;9.0;10.4;0.9;2.4;8.1;10.4;3.5;0.8;1.7;3.8;3.2;26.8;C;0.134;0.537;0.336;0.687;0.09;0.267;0.021;0.044;0.921;1.265;1.457;0.565;0.687;28.0
194;John Collins;24.5;5.5;5.0;25.8;4.0;8.9;0.5;1.3;3.8;0.4;2.8;5.2;0.5;0.5;0.9;1.5;0.7;0.8;3.7;4.4;1.0;0.4;0.6;1.2;2.3;10.4;PF;0.375;0.538;0.087;0.403;0.039;0.171;0.016;0.023;0.833;0.818;1.169;0.169;0.417;10.2
195;John Konchar;25.5;6.5;0.0;8.4;0.4;1.6;0.2;0.0;0.8;0.1;0.4;0.8;0.4;0.3;0.2;0.2;0.5;0.6;1.6;2.2;0.7;0.4;0.2;0.2;1.0;1.0;SG;0.0;0.8;0.2;0.119;0.083;0.262;0.048;0.024;3.5;0.338;0.625;0.125;0.225;3.1
196;Jonas Valanciunas;30.0;5.0;5.0;25.8;5.5;10.9;0.5;0.1;0.6;0.1;5.4;10.3;0.5;0.5;3.4;4.3;0.8;5.0;7.6;12.6;2.2;0.6;0.1;2.2;2.6;14.5;C;0.021;0.745;0.234;0.562;0.085;0.488;0.023;0.004;1.0;2.52;1.33;0.394;0.581;21.5
197;Jonathan Isaac;26.0;7.0;3.0;21.0;2.3;5.6;0.4;1.4;3.9;0.4;0.9;1.7;0.5;0.5;0.3;0.3;1.0;1.4;3.4;4.9;0.4;0.7;1.3;0.6;1.0;6.3;PF;0.667;0.286;0.048;0.3;0.019;0.233;0.033;0.062;0.667;0.686;1.125;0.054;0.302;9.6
198;Jonathan Kuminga;19.5;13.0;1.5;7.4;1.6;3.1;0.5;0.2;0.8;0.3;1.4;2.3;0.6;0.6;0.9;1.2;0.7;0.4;1.0;1.3;0.5;0.2;0.0;0.6;0.6;4.3;SF;0.14;0.651;0.209;0.581;0.068;0.176;0.027;0.0;0.833;0.108;1.387;0.387;0.571;4.0
199;Jordan Clarkson;29.0;6.0;0.0;28.3;6.7;12.2;0.5;1.5;4.0;0.4;5.2;8.2;0.6;0.6;2.7;3.0;0.9;0.8;2.3;3.2;1.3;0.5;0.2;1.7;2.8;17.5;SG;0.257;0.594;0.154;0.618;0.046;0.113;0.018;0.007;0.765;0.517;1.434;0.246;0.538;15.1
200;Jordan Hawkins;21.0;3.0;0.0;4.0;0.0;1.3;0.0;0.0;1.0;0.0;0.0;0.3;0.0;0.0;0.0;0.0;0.0;0.0;0.7;0.7;0.0;0.0;0.0;1.0;0.3;1.0;SG;0.0;0.0;0.0;0.25;0.0;0.175;0.0;0.0;0.0;0.233;0.769;0.0;0.575;-0.6
201;Jordan McLaughlin;26.0;4.3;0.0;9.5;0.9;2.3;0.3;0.3;1.1;0.2;0.6;1.2;0.4;0.3;0.2;0.4;0.2;0.0;1.4;1.4;1.6;0.3;0.0;0.2;0.7;2.3;PG;0.391;0.522;0.087;0.242;0.168;0.147;0.032;0.0;8.0;0.326;1.0;0.174;0.282;3.8
202;Jordan Nwora;23.0;8.0;0.0;2.5;0.3;1.1;0.2;0.0;0.5;0.0;0.3;0.6;0.4;0.2;0.0;0.3;0.0;0.0;0.4;0.4;0.3;0.0;0.0;1.0;0.0;0.5;SF;0.0;1.2;0.0;0.2;0.12;0.16;0.0;0.0;0.3;0.05;0.455;0.273;0.893;-0.9
203;Jordan Poole;22.5;17.5;4.5;24.6;4.7;11.0;0.4;1.8;5.3;0.3;3.0;5.6;0.5;0.5;2.5;2.9;0.8;0.4;2.1;2.5;3.6;0.8;0.3;1.8;2.6;13.6;SG;0.397;0.441;0.184;0.553;0.146;0.102;0.033;0.012;2.0;0.143;1.236;0.264;0.572;12.3
204;Jordan Walsh;19.0;3.0;0.0;3.7;0.3;1.0;0.3;0.0;0.3;0.0;0.3;0.7;0.5;0.3;0.0;0.0;0.0;0.0;0.7;0.7;0.0;0.0;0.0;1.0;0.0;0.7;SF;0.0;0.857;0.0;0.189;0.0;0.189;0.0;0.0;0.0;0.233;0.7;0.0;0.541;-0.3
205;Jose Alvarado;24.0;5.0;0.0;17.5;1.8;5.2;0.3;0.6;3.1;0.2;1.1;2.2;0.5;0.4;0.8;1.1;0.4;0.2;1.0;1.2;1.9;1.2;0.2;1.1;1.9;4.9;PG;0.367;0.449;0.163;0.28;0.109;0.069;0.069;0.011;1.727;0.24;0.942;0.212;0.388;4.6
206;Josh Giddey;21.0;10.0;8.0;18.1;3.4;7.5;0.5;1.2;3.4;0.4;2.2;4.1;0.5;0.5;0.7;0.8;0.9;0.7;2.9;3.6;2.1;0.2;0.4;1.2;0.9;8.7;SG;0.414;0.506;0.08;0.481;0.116;0.199;0.011;0.022;1.75;0.36;1.16;0.107;0.5;9.6
207;Josh Green;22.0;19.0;0.0;12.8;1.0;2.8;0.4;0.6;2.0;0.3;0.4;0.8;0.5;0.5;0.4;0.7;0.5;0.6;1.2;1.6;0.7;0.6;0.0;0.2;1.2;3.2;SG;0.562;0.25;0.125;0.25;0.055;0.125;0.047;0.0;3.5;0.095;1.143;0.25;0.258;4.0
208;Josh Hart;27.5;12.0;9.0;37.2;4.6;10.0;0.5;1.3;3.7;0.3;3.3;6.3;0.5;0.5;2.0;2.8;0.7;2.2;7.2;9.4;3.4;0.9;0.6;2.2;3.4;12.4;SF;0.315;0.532;0.161;0.333;0.091;0.253;0.024;0.016;1.545;0.783;1.24;0.28;0.361;18.3
209;Josh Minott;20.5;3.0;0.0;4.8;0.2;1.4;0.1;0.2;1.0;0.2;0.0;0.4;0.0;0.2;0.0;0.0;0.0;0.1;0.4;0.5;0.3;1.0;0.5;0.5;0.7;0.6;SF;1.0;0.0;0.0;0.125;0.062;0.104;0.208;0.104;0.6;0.167;0.429;0.0;0.396;1.2
210;Josh Okogie;24.0;5.0;1.7;8.9;0.9;2.0;0.3;0.2;0.7;0.2;0.7;1.3;0.4;0.3;0.6;0.9;0.4;0.4;0.6;1.0;0.6;0.4;0.1;0.3;1.2;2.5;SG;0.24;0.56;0.24;0.281;0.067;0.112;0.045;0.011;2.0;0.2;1.25;0.45;0.303;2.9
211;Jrue Holiday;32.0;12.0;12.0;38.2;6.4;15.6;0.4;2.1;6.5;0.3;4.3;9.1;0.5;0.5;1.7;2.1;0.8;1.2;4.9;6.1;6.3;1.3;0.5;2.2;2.3;16.7;PG;0.377;0.515;0.102;0.437;0.165;0.16;0.034;0.013;2.864;0.508;1.071;0.135;0.49;19.1
212;Juan Toscano-Anderson;28.0;14.0;0.0;3.5;0.3;0.7;0.4;0.1;0.4;0.4;0.1;0.4;0.4;0.5;0.1;0.2;0.3;0.0;0.7;0.7;0.6;0.1;0.1;0.6;0.2;0.8;SF;0.375;0.25;0.125;0.229;0.171;0.2;0.029;0.029;1.0;0.05;1.143;0.286;0.397;1.2
213;Juancho Hernangómez;26.0;6.0;0.0;9.3;0.8;3.0;0.3;0.7;2.0;0.3;0.2;1.0;0.2;0.4;0.0;0.0;0.0;0.3;1.7;2.0;0.8;0.3;0.0;0.3;0.7;2.3;PF;0.913;0.174;0.0;0.247;0.086;0.215;0.032;0.0;2.667;0.333;0.767;0.0;0.355;2.9
214;Julian Strawther;21.0;3.0;0.0;5.3;0.7;2.0;0.3;0.3;1.3;0.2;0.3;0.7;0.5;0.4;0.7;1.3;0.5;0.0;0.7;0.7;0.0;0.3;0.0;0.3;1.0;2.3;SF;0.391;0.261;0.304;0.434;0.0;0.132;0.057;0.0;0.0;0.233;1.15;0.65;0.542;1.1
215;Julius Randle;28.0;10.0;10.0;33.0;5.5;14.7;0.4;1.7;6.6;0.3;3.8;8.1;0.5;0.4;3.9;5.5;0.7;1.7;6.6;8.3;3.6;0.5;0.3;3.5;2.4;16.6;PF;0.307;0.458;0.235;0.503;0.109;0.252;0.015;0.009;1.029;0.83;1.129;0.374;0.625;15.0
216;Justin Champagnie;21.0;4.0;0.0;2.5;0.3;1.0;0.2;0.0;0.8;0.0;0.3;0.3;1.0;0.2;0.0;0.0;0.0;0.0;0.0;0.0;0.0;0.0;0.0;1.0;0.5;0.5;SF;0.0;1.2;0.0;0.2;0.0;0.0;0.0;0.0;0.0;0.0;0.5;0.0;0.8;-1.2
217;Justin Holiday;34.0;12.0;0.0;12.5;0.9;2.9;0.3;0.9;2.4;0.4;0.0;0.5;0.0;0.5;0.2;0.3;0.5;0.1;1.6;1.7;0.3;0.5;0.0;0.3;1.3;2.9;SG;0.931;0.0;0.069;0.232;0.024;0.136;0.04;0.0;1.0;0.142;1.0;0.103;0.267;3.0
218;Jusuf Nurkic;29.0;4.0;4.0;26.0;3.3;6.5;0.5;0.0;0.5;0.0;3.3;6.0;0.5;0.5;1.3;2.8;0.5;3.3;5.0;8.3;2.8;1.5;1.5;1.5;3.8;7.8;C;0.0;0.846;0.167;0.3;0.108;0.319;0.058;0.058;1.867;2.075;1.2;0.431;0.355;15.7
219;Juwan Morgan;24.0;9.0;0.0;1.7;0.0;0.1;0.0;0.0;0.1;0.0;0.0;0.0;0.0;0.0;0.1;0.2;0.5;0.2;0.1;0.3;0.0;0.0;0.0;1.0;0.1;0.1;PF;0.0;0.0;1.0;0.059;0.0;0.176;0.0;0.0;0.0;0.033;1.0;2.0;0.699;-0.8
220;Karl-Anthony Towns;27.0;9.0;9.0;35.2;6.6;13.9;0.5;1.6;4.6;0.4;5.0;9.4;0.5;0.5;5.0;6.1;0.8;1.7;8.3;10.0;2.3;0.7;1.0;3.3;3.9;19.7;C;0.244;0.508;0.254;0.56;0.065;0.284;0.02;0.028;0.697;1.111;1.417;0.439;0.565;22.0
221;Kawhi Leonard;31.5;2.0;2.0;34.8;8.8;17.0;0.5;1.5;3.8;0.3;7.2;13.2;0.6;0.5;4.2;5.0;0.8;1.5;5.8;7.2;4.0;2.0;0.5;2.5;2.0;23.2;SF;0.194;0.621;0.181;0.667;0.115;0.207;0.057;0.014;1.6;3.65;1.365;0.294;0.624;25.5
222;Keegan Murray;22.0;7.0;7.0;27.7;3.7;8.3;0.4;1.7;4.6;0.4;2.0;3.7;0.5;0.6;0.6;0.9;0.7;2.1;4.1;6.3;0.7;0.6;0.3;0.6;2.6;9.7;SF;0.526;0.412;0.062;0.35;0.025;0.227;0.022;0.011;1.167;0.886;1.169;0.108;0.336;12.0
223;Kelly Oubre Jr.;28.0;6.0;6.0;37.3;5.2;10.7;0.5;1.5;3.8;0.4;3.7;6.8;0.5;0.6;1.3;1.8;0.7;1.5;2.5;4.0;1.7;1.8;1.2;1.3;4.0;13.2;SF;0.341;0.561;0.098;0.354;0.046;0.107;0.048;0.032;1.308;0.667;1.234;0.168;0.343;14.6
224;Kendall Brown;20.0;7.0;0.0;3.6;0.3;0.9;0.3;0.0;0.0;0.0;0.3;0.9;0.3;0.3;0.0;0.0;0.0;0.0;0.4;0.4;0.3;0.0;0.1;0.4;0.3;0.6;SG;0.0;1.0;0.0;0.167;0.083;0.111;0.0;0.028;0.75;0.057;0.667;0.0;0.361;0.4
225;Kenneth Lofton Jr.;20.0;4.0;0.0;3.0;0.8;2.0;0.4;0.0;0.5;0.0;0.8;1.5;0.5;0.4;0.3;0.5;0.5;0.3;0.5;0.8;0.3;0.0;0.0;1.0;0.0;1.8;PF;0.0;0.889;0.167;0.6;0.1;0.267;0.0;0.0;0.3;0.2;0.9;0.25;1.073;0.5
226;Kenrich Williams;29.0;7.0;0.0;4.6;0.3;1.1;0.2;0.0;0.7;0.0;0.3;0.4;0.7;0.2;0.0;0.0;0.0;0.1;1.0;1.1;0.4;0.1;0.0;1.0;0.4;0.6;PF;0.0;1.0;0.0;0.13;0.087;0.239;0.022;0.0;0.4;0.157;0.545;0.0;0.457;0.4
227;Kentavious Caldwell-Pope;29.5;16.0;16.0;34.3;3.2;7.6;0.4;1.6;4.6;0.4;1.6;3.0;0.5;0.5;1.2;1.4;0.9;0.6;2.6;3.1;2.1;1.4;0.6;0.8;2.8;9.4;SG;0.511;0.34;0.128;0.274;0.061;0.09;0.041;0.017;2.625;0.2;1.237;0.184;0.263;11.3
228;Kessler Edwards;21.5;4.0;0.0;2.4;0.0;1.0;0.0;0.0;0.0;0.0;0.0;0.0;0.0;0.0;0.0;0.0;0.0;0.0;0.1;0.1;0.2;0.2;0.0;0.2;0.8;1.0;SF;0.0;0.0;0.0;0.417;0.083;0.042;0.083;0.0;1.0;0.025;1.0;0.0;0.5;0.3
229;Kevin Durant;34.0;6.3;6.3;42.8;9.0;19.3;0.5;1.5;4.3;0.4;7.5;15.0;0.5;0.5;7.8;8.9;0.9;0.5;6.6;7.0;5.0;0.8;1.1;3.8;2.8;27.4;PF;0.164;0.547;0.285;0.64;0.117;0.164;0.019;0.026;1.316;1.127;1.42;0.461;0.631;26.2
230;Kevin Huerter;23.5;6.0;6.0;28.4;3.5;9.9;0.4;1.5;5.9;0.2;2.0;4.0;0.5;0.4;0.8;1.0;0.8;0.2;3.6;3.7;2.4;0.8;1.0;1.4;3.2;9.1;SG;0.495;0.44;0.088;0.32;0.085;0.13;0.028;0.035;1.714;0.633;0.919;0.101;0.413;9.1
231;Kevin Knox;22.0;2.0;0.0;4.5;3.5;5.5;0.6;3.0;5.0;0.6;0.5;0.5;1.0;0.9;1.0;1.0;1.0;0.0;1.0;1.0;0.0;1.0;0.0;1.5;0.0;11.0;SF;0.818;0.091;0.091;2.444;0.0;0.222;0.222;0.0;0.0;0.5;2.0;0.182;1.653;9.5
232;Kevin Love;34.5;12.5;9.0;12.2;1.5;3.9;0.4;1.0;2.6;0.3;0.6;1.3;0.5;0.5;0.4;0.4;0.4;0.4;3.8;4.2;1.0;0.2;0.2;0.4;1.1;4.4;PF;0.682;0.273;0.091;0.361;0.082;0.344;0.016;0.016;2.5;0.336;1.128;0.103;0.367;7.2
233;Kevon Looney;25.5;17.5;10.5;22.7;2.7;4.4;0.6;0.0;0.0;0.0;2.7;4.4;0.6;0.6;0.6;1.1;0.6;3.8;6.6;10.4;2.8;0.5;0.4;1.0;2.6;6.2;C;0.0;0.871;0.097;0.273;0.123;0.458;0.022;0.018;2.8;0.594;1.409;0.25;0.259;17.1
234;Khem Birch;29.0;6.0;4.0;10.5;1.3;2.7;0.5;0.3;0.7;0.5;1.0;2.0;0.5;0.6;0.0;0.0;0.0;0.7;0.8;1.5;0.5;0.2;0.2;0.5;2.2;3.0;C;0.3;0.667;0.0;0.286;0.048;0.143;0.019;0.019;1.0;0.25;1.111;0.0;0.305;3.5
235;Khris Middleton;31.0;4.3;4.3;36.3;7.4;16.1;0.5;2.5;6.2;0.4;4.9;9.9;0.5;0.5;3.7;4.2;0.9;1.3;5.6;6.9;6.0;0.9;0.1;3.7;3.4;21.0;SF;0.357;0.467;0.176;0.579;0.165;0.19;0.025;0.003;1.622;1.605;1.304;0.261;0.596;22.0
236;Klay Thompson;31.5;17.5;17.5;36.0;6.8;16.8;0.4;3.6;9.8;0.4;3.2;7.0;0.5;0.5;1.4;1.6;0.9;0.2;3.8;4.0;2.2;0.8;0.5;1.6;2.2;18.8;SG;0.574;0.34;0.074;0.522;0.061;0.111;0.022;0.014;1.375;0.229;1.119;0.095;0.531;14.5
237;Kobe Brown;24.0;3.0;0.0;3.3;0.0;1.0;0.0;0.0;0.0;0.0;0.0;0.0;0.0;0.0;0.0;0.0;0.0;0.3;0.3;0.7;0.0;0.0;0.0;1.0;0.3;1.0;PF;0.0;0.0;0.0;0.303;0.0;0.212;0.0;0.0;0.0;0.2;1.0;0.0;0.606;-0.4
238;Kristaps Porzingis;28.0;7.0;4.0;23.6;4.0;8.6;0.5;1.4;4.1;0.3;2.6;4.4;0.6;0.6;2.9;3.1;0.9;0.6;3.9;4.4;1.1;0.7;1.6;0.7;2.1;12.3;C;0.341;0.423;0.236;0.521;0.047;0.186;0.03;0.068;1.571;0.643;1.43;0.36;0.452;14.7
239;Kyle Anderson;29.0;10.3;0.7;19.9;2.6;5.2;0.5;0.3;1.0;0.3;2.4;4.2;0.6;0.5;0.7;0.9;0.8;0.9;2.8;3.7;2.9;1.1;0.5;1.0;2.3;6.3;PF;0.143;0.762;0.111;0.317;0.146;0.186;0.055;0.025;2.9;0.359;1.212;0.173;0.331;10.7
240;Kyle Lowry;36.0;13.0;5.7;28.2;2.5;7.2;0.4;1.3;4.4;0.3;1.2;2.7;0.4;0.5;1.6;1.9;0.8;0.6;2.9;3.5;4.4;1.1;0.7;1.4;3.1;8.0;PG;0.488;0.3;0.2;0.284;0.156;0.124;0.039;0.025;3.143;0.269;1.111;0.264;0.335;11.3
241;Kyrie Irving;30.0;13.0;13.0;41.2;7.8;17.0;0.5;2.2;5.8;0.4;5.5;11.2;0.5;0.5;4.0;4.3;0.9;1.2;3.2;4.5;5.2;1.4;0.8;2.3;3.0;21.7;PG;0.304;0.507;0.184;0.527;0.126;0.109;0.034;0.019;2.261;0.338;1.276;0.253;0.514;21.7
242;Lamar Stevens;25.0;2.0;0.0;4.5;0.5;1.0;0.5;0.5;0.5;1.0;0.0;0.5;0.0;0.8;1.0;1.0;1.0;0.0;1.5;1.5;0.0;0.0;0.0;1.0;0.0;2.5;SF;0.6;0.0;0.4;0.556;0.0;0.333;0.0;0.0;0.0;0.75;2.5;1.0;0.542;2.5
243;Landry Shamet;24.5;11.0;0.5;17.2;1.6;4.2;0.4;1.0;2.6;0.4;0.7;1.7;0.4;0.5;0.4;0.5;0.7;0.3;1.4;1.7;1.2;0.4;0.0;0.5;1.2;4.6;SG;0.652;0.304;0.087;0.267;0.07;0.099;0.023;0.0;2.4;0.155;1.095;0.119;0.286;4.7
244;Larry Nance Jr.;30.0;5.0;0.0;21.4;3.1;5.4;0.6;0.3;1.2;0.2;2.8;4.2;0.7;0.6;1.2;1.6;0.7;3.5;3.6;7.0;1.8;0.5;0.2;1.4;2.4;7.8;PF;0.115;0.718;0.154;0.364;0.084;0.327;0.023;0.009;1.286;1.42;1.444;0.296;0.351;13.3
245;LeBron James;38.5;10.5;10.5;39.8;10.2;19.1;0.5;1.9;5.9;0.3;8.3;13.2;0.6;0.6;3.9;5.2;0.8;1.2;7.2;8.4;7.6;1.8;1.0;3.2;2.0;26.2;PF;0.218;0.634;0.149;0.658;0.191;0.211;0.045;0.025;2.375;0.8;1.372;0.272;0.618;31.6
246;Leonard Miller;20.0;3.0;0.0;2.3;0.0;0.3;0.0;0.0;0.3;0.0;0.0;0.0;0.0;0.0;0.0;0.0;0.0;0.3;1.0;1.3;0.0;0.0;0.0;1.0;0.0;1.0;SF;0.0;0.0;0.0;0.435;0.0;0.565;0.0;0.0;0.0;0.433;3.333;0.0;0.565;1.0
247;Lindy Waters III;26.0;3.0;0.0;3.0;0.0;0.3;0.0;0.0;0.3;0.0;0.0;0.0;0.0;0.0;0.0;0.0;0.0;0.0;0.3;0.3;0.0;0.0;0.0;1.0;0.0;1.0;SG;0.0;0.0;0.0;0.333;0.0;0.1;0.0;0.0;0.0;0.1;3.333;0.0;0.433;0.0
248;Lonnie Walker IV;24.0;13.0;0.0;13.8;2.2;4.6;0.5;1.0;2.6;0.4;1.2;2.0;0.6;0.6;0.7;0.9;0.8;0.1;0.8;0.9;0.8;0.5;0.1;0.3;1.2;6.2;SG;0.484;0.387;0.113;0.449;0.058;0.065;0.036;0.007;2.667;0.069;1.348;0.196;0.384;5.6
249;Luca Vildoza;26.0;7.0;0.0;2.4;0.3;0.9;0.3;0.1;0.7;0.2;0.1;0.1;1.0;0.4;0.0;0.0;0.0;0.1;0.1;0.3;0.6;0.3;0.0;1.0;0.3;0.7;PG;0.429;0.286;0.0;0.292;0.25;0.125;0.125;0.0;0.6;0.029;0.778;0.0;0.792;0.2
250;Luguentz Dort;24.0;10.0;10.0;35.0;3.3;9.1;0.4;2.5;6.4;0.4;0.8;2.7;0.3;0.5;1.6;1.9;0.8;1.9;2.7;4.6;2.0;1.3;0.2;1.1;4.2;10.7;SF;0.701;0.15;0.15;0.306;0.057;0.131;0.037;0.006;1.818;0.46;1.176;0.209;0.315;11.6
251;Luka Doncic;23.0;18.5;18.5;38.8;10.4;23.2;0.5;3.2;9.8;0.3;7.2;13.4;0.5;0.5;6.1;8.0;0.8;0.7;8.9;9.6;7.2;1.8;0.5;4.0;2.7;30.3;PG;0.317;0.475;0.201;0.781;0.186;0.247;0.046;0.013;1.8;0.519;1.306;0.345;0.792;30.7
252;Luka Garza;25.0;7.0;0.0;3.7;1.4;1.7;0.8;0.3;0.4;0.7;1.1;1.3;0.9;0.9;1.0;1.1;0.9;0.3;0.6;0.9;0.1;0.0;0.0;1.0;0.0;4.1;C;0.22;0.537;0.244;1.108;0.027;0.243;0.0;0.0;0.1;0.129;2.412;0.647;0.861;3.7
253;Luke Kennard;26.0;5.0;0.0;21.4;2.4;4.6;0.5;1.6;3.2;0.5;0.8;1.4;0.6;0.7;0.8;0.8;1.0;1.0;3.0;4.0;1.4;0.8;0.0;0.2;1.6;7.2;SG;0.667;0.222;0.111;0.336;0.065;0.187;0.037;0.0;7.0;0.8;1.565;0.174;0.241;11.0
254;Luke Kornet;27.0;10.0;0.0;5.4;0.8;1.0;0.8;0.1;0.1;0.7;0.7;0.9;0.7;0.8;0.4;0.4;0.6;0.7;0.9;1.7;0.2;0.0;0.2;0.2;0.4;2.0;C;0.15;0.7;0.2;0.37;0.037;0.315;0.0;0.037;1.0;0.16;2.0;0.4;0.255;3.6
255;Malachi Flynn;23.0;6.0;0.0;6.0;0.0;1.2;0.0;0.0;0.5;0.0;0.0;0.7;0.0;0.0;0.0;0.0;0.0;0.3;0.2;0.5;0.5;0.2;0.0;0.2;1.0;1.0;PG;0.0;0.0;0.0;0.167;0.083;0.083;0.033;0.0;2.5;0.083;0.833;0.0;0.233;0.8
256;Malcolm Brogdon;30.0;19.0;0.0;24.9;4.3;10.3;0.4;1.7;4.6;0.4;2.6;5.7;0.4;0.5;1.5;1.8;0.8;0.7;2.8;3.5;2.9;0.2;0.3;1.0;1.5;11.9;PG;0.429;0.437;0.126;0.478;0.116;0.141;0.008;0.012;2.9;0.184;1.155;0.175;0.486;11.5
257;Malik Beasley;26.0;7.7;0.7;16.6;2.5;5.7;0.4;1.2;3.6;0.3;1.3;2.2;0.5;0.5;0.4;0.5;0.6;0.3;1.9;2.2;0.5;0.4;0.1;0.6;1.2;6.8;SG;0.529;0.382;0.059;0.41;0.03;0.133;0.024;0.006;0.833;0.286;1.193;0.088;0.393;6.1
258;Malik Fitts;24.0;9.0;0.0;1.8;0.3;0.4;0.8;0.2;0.2;1.0;0.1;0.2;0.5;1.0;0.0;0.0;0.0;0.0;0.2;0.2;0.0;0.0;0.0;1.0;0.0;0.9;PF;0.667;0.222;0.0;0.5;0.0;0.111;0.0;0.0;0.0;0.022;2.25;0.0;0.778;0.0
259;Malik Monk;24.0;7.0;0.0;29.3;5.4;13.3;0.4;1.9;5.6;0.3;3.6;7.7;0.5;0.5;6.3;7.0;0.9;0.9;4.6;5.4;3.6;0.7;0.4;2.0;2.1;19.0;SG;0.3;0.379;0.332;0.648;0.123;0.184;0.024;0.014;1.8;0.786;1.429;0.526;0.627;18.6
260;Mamadi Diakite;27.0;4.0;0.0;3.8;0.0;0.8;0.0;0.0;0.5;0.0;0.0;0.3;0.0;0.0;0.5;0.5;1.0;0.0;0.8;0.8;0.3;0.3;0.3;0.3;0.8;0.5;PF;0.0;0.0;1.0;0.132;0.079;0.211;0.079;0.079;1.0;0.2;0.625;0.625;0.347;1.1
261;MarJon Beauchamp;22.5;3.0;0.0;2.5;0.6;1.2;0.5;0.2;0.5;0.5;0.4;0.8;0.5;0.5;0.2;0.2;0.2;0.0;0.4;0.4;0.2;0.0;0.0;0.2;0.2;1.6;SF;0.375;0.5;0.125;0.64;0.08;0.16;0.0;0.0;1.0;0.133;1.333;0.167;0.595;1.4
262;Marcus Morris;33.5;6.0;1.5;19.0;2.8;7.5;0.4;0.8;3.3;0.3;2.0;4.2;0.5;0.5;0.8;0.8;0.8;0.2;3.2;3.4;0.2;0.4;0.2;0.3;1.4;7.4;PF;0.324;0.541;0.108;0.389;0.011;0.179;0.021;0.011;0.667;0.567;0.987;0.107;0.429;6.6
263;Marcus Smart;27.5;20.5;20.5;35.1;5.2;12.2;0.4;2.2;6.3;0.4;3.0;5.9;0.5;0.5;2.5;3.2;0.8;1.0;3.3;4.2;5.5;1.2;0.2;2.4;2.6;15.2;PG;0.434;0.395;0.164;0.433;0.157;0.12;0.034;0.006;2.292;0.21;1.246;0.262;0.456;16.3
264;Markelle Fultz;25.0;7.0;0.0;15.1;2.9;4.9;0.6;0.0;0.1;0.0;2.9;4.7;0.6;0.6;0.7;1.3;0.6;1.0;1.0;2.0;1.1;0.4;0.0;1.1;1.7;6.4;PG;0.0;0.906;0.109;0.424;0.073;0.132;0.026;0.0;1.0;0.286;1.306;0.265;0.435;6.2
265;Markieff Morris;33.0;1.0;0.0;7.5;0.5;3.0;0.1;0.5;1.5;0.2;0.0;1.5;0.0;0.2;0.0;0.0;0.0;0.0;2.5;2.5;0.0;0.0;0.0;1.0;1.5;1.5;PF;1.0;0.0;0.0;0.2;0.0;0.333;0.0;0.0;0.0;2.5;0.5;0.0;0.533;0.5
266;Marquese Chriss;24.0;8.0;0.0;3.8;0.5;1.0;0.5;0.1;0.3;0.5;0.4;0.8;0.5;0.6;0.6;0.8;0.8;0.5;0.6;1.1;0.0;0.0;0.0;0.1;0.4;1.8;PF;0.167;0.444;0.333;0.474;0.0;0.289;0.0;0.0;0.0;0.138;1.8;0.8;0.382;2.1
267;Mason Plumlee;32.5;5.5;0.0;14.6;2.0;3.1;0.6;0.0;0.0;0.0;2.0;3.1;0.6;0.6;1.7;2.0;0.8;2.2;2.9;5.0;1.2;0.4;0.4;0.4;2.6;5.7;C;0.0;0.702;0.298;0.39;0.082;0.342;0.027;0.027;3.0;0.927;1.839;0.645;0.3;11.0
268;Matisse Thybulle;24.0;9.0;0.0;15.2;1.2;2.7;0.5;0.4;1.6;0.3;0.8;1.1;0.7;0.5;0.1;0.3;0.3;0.2;0.8;1.0;0.4;0.8;0.8;0.2;1.7;3.0;SG;0.4;0.533;0.033;0.197;0.026;0.066;0.053;0.053;2.0;0.111;1.111;0.111;0.199;4.1
269;Matt Ryan;26.0;1.0;0.0;3.0;0.0;1.0;0.0;0.0;1.0;0.0;0.0;0.0;0.0;0.0;0.0;0.0;0.0;0.0;1.0;1.0;0.0;1.0;0.0;1.0;0.0;1.0;SF;0.0;0.0;0.0;0.333;0.0;0.333;0.333;0.0;0.0;1.0;1.0;0.0;0.667;1.0
270;Max Christie;19.0;9.0;0.0;3.7;0.6;1.1;0.5;0.1;0.4;0.2;0.4;0.7;0.7;0.6;0.2;0.4;0.5;0.1;0.7;0.8;0.3;0.0;0.1;1.0;0.0;1.4;SG;0.214;0.571;0.143;0.378;0.081;0.216;0.0;0.027;0.3;0.089;1.273;0.364;0.615;0.9
271;Max Strus;26.0;17.7;17.7;31.2;3.5;9.0;0.4;2.2;6.6;0.3;1.3;2.4;0.6;0.5;0.7;0.8;0.8;0.7;3.6;4.3;2.1;0.6;0.2;0.9;2.8;9.9;SF;0.667;0.263;0.071;0.317;0.067;0.138;0.019;0.006;2.333;0.243;1.1;0.089;0.329;10.6
272;Maxi Kleber;31.0;15.5;0.0;21.1;2.1;4.4;0.5;1.4;3.2;0.4;0.7;1.2;0.5;0.6;0.6;0.8;0.7;0.6;2.7;3.2;1.0;0.2;0.6;0.5;2.1;6.2;PF;0.677;0.226;0.097;0.294;0.047;0.152;0.009;0.028;2.0;0.213;1.409;0.182;0.249;8.3
273;Meyers Leonard;30.0;2.0;0.0;2.5;0.0;0.5;0.0;0.0;0.0;0.0;0.0;0.5;0.0;0.0;0.0;0.0;0.0;0.0;0.5;0.5;0.0;0.0;0.0;1.0;0.0;1.0;C;0.0;0.0;0.0;0.4;0.0;0.2;0.0;0.0;0.0;0.25;2.0;0.0;0.6;0.0
274;Michael Porter Jr.;24.5;16.0;16.0;34.8;5.4;12.0;0.4;2.6;6.7;0.4;2.8;5.3;0.5;0.6;1.4;1.8;0.8;0.8;6.6;7.4;1.4;0.7;0.7;1.0;2.2;14.6;SF;0.534;0.384;0.096;0.42;0.04;0.213;0.02;0.02;1.4;0.462;1.217;0.15;0.396;16.8
275;Mikal Bridges;25.5;8.5;8.5;38.9;6.7;15.0;0.5;1.8;4.4;0.4;4.9;10.6;0.5;0.5;3.4;4.0;0.9;0.7;4.3;5.0;3.4;0.8;0.8;1.4;1.8;18.4;SF;0.293;0.533;0.185;0.473;0.087;0.129;0.021;0.021;2.429;0.588;1.227;0.267;0.467;18.1
276;Mike Conley;35.0;8.7;8.7;32.4;3.8;9.2;0.4;1.6;4.6;0.4;2.1;4.6;0.5;0.5;1.8;2.2;0.8;0.5;2.7;3.2;5.6;0.9;0.2;1.6;2.6;10.9;PG;0.44;0.385;0.165;0.336;0.173;0.099;0.028;0.006;3.5;0.368;1.185;0.239;0.363;13.4
277;Mike Muscala;31.0;6.0;0.0;3.5;0.3;0.7;0.5;0.3;0.7;0.5;0.0;0.0;0.0;0.8;0.5;0.7;0.8;0.5;0.2;0.7;0.2;0.0;0.0;0.2;0.2;1.5;C;0.6;0.0;0.333;0.429;0.057;0.2;0.0;0.0;1.0;0.117;2.143;1.0;0.345;1.6
278;Miles McBride;22.5;10.5;1.0;14.6;2.2;5.0;0.3;1.0;2.8;0.4;1.1;2.2;0.3;0.5;0.4;0.4;0.4;0.2;1.0;1.2;1.0;0.2;0.2;0.4;1.2;5.7;PG;0.526;0.386;0.07;0.39;0.068;0.082;0.014;0.014;2.5;0.114;1.14;0.08;0.382;5.1
279;Mitchell Robinson;24.5;8.5;5.5;23.2;1.9;3.4;0.6;0.0;0.0;0.0;1.9;3.4;0.6;0.6;0.8;2.2;0.4;4.4;3.6;8.0;0.6;0.8;1.4;0.7;2.6;4.6;C;0.0;0.826;0.174;0.198;0.026;0.345;0.034;0.06;0.857;0.941;1.353;0.647;0.218;11.8
280;Mo Bamba;24.0;3.0;0.0;3.3;0.0;0.7;0.0;0.0;0.3;0.0;0.0;0.3;0.0;0.0;0.0;0.0;0.0;0.0;1.0;1.0;0.3;0.0;0.3;1.0;0.0;1.0;C;0.0;0.0;0.0;0.303;0.091;0.303;0.0;0.091;0.3;0.333;1.429;0.0;0.515;0.9
281;Monte Morris;27.0;7.0;2.5;19.3;3.0;6.8;0.4;1.2;3.4;0.2;1.8;3.4;0.5;0.5;1.0;1.3;0.9;0.2;1.3;1.5;3.2;0.7;0.0;0.8;1.8;8.2;PG;0.439;0.439;0.122;0.425;0.166;0.078;0.036;0.0;4.0;0.214;1.206;0.191;0.423;8.7
282;Montrezl Harrell;29.0;2.0;0.0;3.5;0.0;1.5;0.0;0.0;0.0;0.0;0.0;1.5;0.0;0.0;0.0;0.0;0.0;0.0;0.5;0.5;0.0;0.0;0.0;1.0;0.0;1.0;C;0.0;0.0;0.0;0.286;0.0;0.143;0.0;0.0;0.0;0.25;0.667;0.0;0.714;-1.0
283;Moritz Wagner;26.0;7.0;0.0;15.0;2.3;5.1;0.4;0.3;1.3;0.2;2.0;3.9;0.5;0.5;1.4;2.4;0.6;1.6;2.9;4.4;0.3;0.9;0.4;1.1;3.0;6.3;C;0.143;0.635;0.222;0.42;0.02;0.293;0.06;0.027;0.273;0.643;1.235;0.471;0.484;7.5
284;Moses Moody;19.5;12.5;0.0;10.8;1.5;2.9;0.5;0.8;1.4;0.6;0.7;1.5;0.5;0.7;0.6;0.8;0.8;0.4;1.2;1.6;0.5;0.3;0.2;0.2;0.9;4.5;SG;0.533;0.311;0.133;0.417;0.046;0.148;0.028;0.019;2.5;0.128;1.552;0.276;0.32;5.3
285;Myles Turner;27.0;17.0;17.0;32.4;6.2;12.1;0.5;2.3;5.1;0.5;3.9;7.0;0.6;0.6;2.2;2.9;0.8;1.5;5.1;6.6;2.1;0.5;1.5;1.9;2.6;17.0;C;0.406;0.459;0.129;0.525;0.065;0.204;0.015;0.046;1.105;0.388;1.405;0.24;0.471;19.2
286;Naji Marshall;25.0;5.0;0.0;15.2;2.1;4.4;0.6;0.8;1.9;0.2;1.4;2.5;0.6;0.6;1.1;1.1;1.0;0.6;1.2;1.9;1.0;0.4;0.4;0.5;1.5;6.0;SF;0.4;0.467;0.183;0.395;0.066;0.125;0.026;0.026;2.0;0.36;1.364;0.25;0.354;6.8
287;Nassir Little;23.0;4.0;0.0;3.5;0.8;1.3;0.6;0.3;0.8;0.3;0.5;0.5;1.0;0.7;0.0;0.0;0.0;0.0;0.3;0.3;0.0;0.0;0.0;1.0;0.5;1.8;SF;0.5;0.556;0.0;0.514;0.0;0.086;0.0;0.0;0.0;0.075;1.385;0.0;0.657;0.6
288;Nathan Knight;25.0;2.0;0.0;2.5;0.5;2.0;0.2;0.0;1.0;0.0;0.5;1.0;0.5;0.2;0.0;0.0;0.0;0.5;0.0;0.5;0.0;0.0;0.0;0.5;0.0;1.0;C;0.0;1.0;0.0;0.4;0.0;0.2;0.0;0.0;0.0;0.25;0.5;0.0;1.0;-0.5
289;Naz Reid;23.0;10.5;0.0;16.7;2.8;6.2;0.4;1.1;2.8;0.4;1.6;3.3;0.5;0.5;1.4;1.6;0.9;0.5;2.8;3.2;0.5;0.4;1.0;1.0;2.4;8.0;C;0.413;0.4;0.175;0.479;0.03;0.192;0.024;0.06;0.5;0.314;1.29;0.258;0.473;8.6
290;Neemias Queta;24.0;3.0;0.0;4.3;0.7;1.0;0.7;0.0;0.0;0.0;0.7;1.0;0.7;0.7;0.0;0.0;0.0;0.3;0.7;1.0;0.0;0.0;0.3;1.0;0.0;1.3;C;0.0;1.077;0.0;0.302;0.0;0.233;0.0;0.07;0.0;0.333;1.3;0.0;0.465;1.3
291;Nemanja Bjelica;33.0;15.0;0.0;10.0;1.2;2.3;0.5;0.2;0.5;0.4;1.0;1.7;0.6;0.6;0.3;0.5;0.6;0.4;1.7;2.1;1.1;0.3;0.1;0.5;1.4;2.9;C;0.207;0.69;0.103;0.29;0.11;0.21;0.03;0.01;2.2;0.14;1.261;0.217;0.302;4.7
292;Nic Claxton;22.5;4.0;2.0;26.9;4.6;6.2;0.8;0.0;0.0;0.0;4.6;6.2;0.8;0.8;1.2;4.0;0.4;1.6;5.6;7.2;1.5;0.8;2.0;0.6;1.8;10.5;C;0.0;0.876;0.114;0.39;0.056;0.268;0.03;0.074;2.5;1.8;1.694;0.645;0.318;17.0
293;Nickeil Alexander-Walker;24.0;7.3;1.7;19.4;2.5;5.3;0.6;1.2;3.4;0.2;1.4;2.0;0.7;0.7;0.7;0.7;0.9;0.2;1.4;1.6;1.6;0.7;0.2;0.6;1.1;6.9;SG;0.522;0.406;0.101;0.356;0.082;0.082;0.036;0.01;2.667;0.219;1.302;0.132;0.32;7.6
294;Nicolas Batum;34.5;5.5;1.5;23.4;1.8;4.3;0.4;1.4;3.6;0.4;0.4;0.8;0.7;0.6;0.4;0.6;0.3;0.8;3.2;4.0;1.2;0.3;0.6;0.6;2.1;5.4;PF;0.778;0.148;0.074;0.231;0.051;0.171;0.013;0.026;2.0;0.727;1.256;0.14;0.221;8.2
295;Nik Stauskas;28.0;13.0;0.0;1.8;0.2;0.9;0.2;0.2;0.8;0.3;0.0;0.2;0.0;0.4;0.3;0.3;1.0;0.0;0.3;0.3;0.3;0.0;0.0;1.0;0.0;1.0;SG;0.6;0.0;0.3;0.556;0.167;0.167;0.0;0.0;0.3;0.023;1.111;0.333;1.129;-0.1
296;Nikola Jokic;27.0;12.3;12.3;38.0;11.6;20.7;0.6;1.3;3.9;0.3;10.2;16.8;0.6;0.6;5.5;6.5;0.8;3.5;9.9;13.4;8.0;1.4;0.9;3.9;3.4;29.9;C;0.13;0.682;0.184;0.787;0.211;0.353;0.037;0.024;2.051;1.089;1.444;0.314;0.723;39.6
297;Nikola Jovic;19.5;6.0;2.5;13.8;1.6;3.9;0.3;0.9;2.4;0.2;0.8;1.5;0.5;0.4;0.6;0.7;0.4;0.2;3.4;3.6;1.1;0.5;0.3;0.6;0.9;4.9;PF;0.551;0.327;0.122;0.355;0.08;0.261;0.036;0.022;1.833;0.6;1.256;0.179;0.348;7.4
298;Nikola Vucevic;31.0;5.0;5.0;36.2;8.0;18.2;0.4;2.6;8.4;0.3;5.4;9.8;0.6;0.5;0.8;1.0;0.8;2.8;9.6;12.4;3.2;0.4;1.2;1.6;2.8;19.4;C;0.402;0.557;0.041;0.536;0.088;0.343;0.011;0.033;2.0;2.48;1.066;0.055;0.559;24.6
299;Norman Powell;29.5;5.5;1.5;31.6;5.8;12.7;0.4;2.4;5.6;0.4;3.4;7.0;0.5;0.5;3.4;4.4;0.8;0.6;2.2;2.9;1.2;0.6;0.2;1.4;3.2;17.3;SG;0.416;0.393;0.197;0.547;0.038;0.092;0.019;0.006;0.857;0.509;1.362;0.346;0.507;12.8
300;OG Anunoby;25.0;7.5;7.5;36.1;6.4;13.0;0.5;2.0;5.6;0.4;4.3;7.4;0.6;0.6;1.4;2.0;0.7;1.0;4.0;5.0;1.8;1.0;0.6;1.4;2.4;16.2;SF;0.37;0.531;0.086;0.449;0.05;0.139;0.028;0.017;1.286;0.667;1.246;0.154;0.423;16.0
301;Obi Toppin;24.5;14.0;0.5;18.0;3.5;7.2;0.5;1.2;3.6;0.3;2.3;3.6;0.7;0.6;0.8;1.0;0.8;0.8;3.2;4.0;1.2;0.6;0.4;0.8;1.2;9.0;PF;0.4;0.511;0.089;0.5;0.067;0.222;0.033;0.022;1.5;0.286;1.25;0.139;0.469;10.5
302;Olivier-Maxence Prosper;21.0;3.0;0.0;3.0;0.0;0.7;0.0;0.0;0.0;0.0;0.0;0.7;0.0;0.0;0.0;0.0;0.0;0.0;1.0;1.0;0.3;0.0;0.0;1.0;0.0;1.0;PF;0.0;0.0;0.0;0.333;0.1;0.333;0.0;0.0;0.3;0.333;1.429;0.0;0.567;0.6
303;Omer Yurtseven;23.5;8.5;0.0;3.1;0.8;1.4;0.5;0.0;0.2;0.0;0.8;1.2;0.6;0.5;0.0;0.2;0.2;0.2;0.5;0.7;0.2;0.0;0.1;1.0;0.2;1.6;C;0.0;1.0;0.0;0.516;0.065;0.226;0.0;0.032;0.2;0.082;1.143;0.143;0.803;0.8
304;Onyeka Okongwu;21.5;5.5;0.5;21.7;2.2;3.7;0.6;0.1;0.1;0.5;2.0;3.6;0.6;0.6;1.2;1.8;0.6;2.7;3.2;5.8;0.8;0.6;1.0;1.0;3.4;5.6;C;0.054;0.714;0.214;0.258;0.037;0.267;0.028;0.046;0.8;1.073;1.514;0.486;0.253;10.8
305;Orlando Robinson;23.0;1.0;0.0;2.0;0.0;1.0;0.0;0.0;1.0;0.0;0.0;0.0;0.0;0.0;0.0;0.0;0.0;0.0;1.0;1.0;1.0;0.0;0.0;1.0;0.0;1.0;C;0.0;0.0;0.0;0.5;0.5;0.5;0.0;0.0;1.0;1.0;1.0;0.0;1.0;1.0
306;Oshae Brissett;25.0;10.0;0.0;5.5;0.6;1.1;0.5;0.2;0.2;1.0;0.4;0.9;0.4;0.6;0.2;0.4;0.5;0.3;1.1;1.4;0.0;0.3;0.2;0.1;0.2;1.6;SF;0.375;0.5;0.125;0.291;0.0;0.255;0.055;0.036;0.0;0.14;1.455;0.364;0.25;2.7
307;Otto Porter Jr.;28.0;19.0;3.0;19.5;2.0;4.1;0.5;1.0;2.5;0.4;1.0;1.6;0.6;0.6;0.4;0.5;0.8;0.6;2.8;3.4;1.8;0.9;0.3;0.6;1.8;5.4;PF;0.556;0.37;0.074;0.277;0.092;0.174;0.046;0.015;3.0;0.179;1.317;0.122;0.252;9.0
308;Ousmane Dieng;20.0;4.0;0.0;1.8;0.3;0.5;0.5;0.0;0.3;0.0;0.3;0.3;1.0;0.5;0.0;0.0;0.0;0.0;0.0;0.0;0.0;0.0;0.0;1.0;0.0;0.5;PF;0.0;1.2;0.0;0.278;0.0;0.0;0.0;0.0;0.0;0.0;1.0;0.0;0.833;-0.7
309;P.J. Tucker;37.0;10.3;10.0;23.5;2.2;4.6;0.5;1.4;2.8;0.5;0.9;1.7;0.5;0.7;0.3;0.4;0.5;1.7;2.2;3.9;1.1;0.7;0.2;0.9;2.8;6.1;PF;0.689;0.295;0.049;0.26;0.047;0.166;0.03;0.009;1.222;0.379;1.326;0.087;0.242;8.6
310;P.J. Washington;25.0;22.0;22.0;35.7;4.5;10.6;0.4;2.1;6.1;0.3;2.4;4.5;0.5;0.5;1.8;2.5;0.7;1.5;5.1;6.6;1.4;0.7;0.8;1.5;3.0;13.0;PF;0.485;0.369;0.138;0.364;0.039;0.185;0.02;0.022;0.933;0.3;1.226;0.236;0.37;14.2
311;PJ Dozier;26.0;3.0;0.0;2.0;1.0;2.0;0.5;0.7;1.3;0.5;0.3;0.7;0.5;0.7;0.0;0.0;0.0;0.3;0.3;0.7;0.0;0.0;0.0;1.0;0.0;2.7;SF;0.778;0.222;0.0;1.35;0.0;0.35;0.0;0.0;0.0;0.2;1.35;0.0;1.5;1.3
312;Paolo Banchero;21.0;7.0;7.0;37.4;9.7;21.3;0.5;2.3;5.7;0.4;7.4;15.6;0.5;0.5;5.3;7.0;0.8;2.0;6.6;8.6;4.0;1.1;0.6;4.6;2.0;27.0;PF;0.256;0.548;0.196;0.722;0.107;0.23;0.029;0.016;0.87;1.229;1.268;0.329;0.775;23.4
313;Pascal Siakam;28.0;11.5;11.5;39.4;8.8;17.5;0.5;0.8;2.8;0.3;8.1;14.6;0.6;0.5;3.8;4.8;0.7;1.9;5.4;7.4;4.8;1.0;0.7;1.6;3.4;22.2;PF;0.108;0.73;0.171;0.563;0.122;0.188;0.025;0.018;3.0;0.635;1.269;0.274;0.538;24.7
314;Pat Connaughton;30.0;7.3;0.0;23.1;3.2;6.3;0.5;1.8;4.3;0.4;1.4;2.0;0.7;0.6;0.5;0.6;0.9;0.6;3.8;4.4;1.6;0.8;0.3;0.5;1.6;8.7;SG;0.621;0.322;0.057;0.377;0.069;0.19;0.035;0.013;3.2;0.603;1.381;0.095;0.306;12.1
315;Patrick Baldwin Jr.;20.0;3.0;0.0;3.7;0.0;1.0;0.0;0.0;1.0;0.0;0.0;0.0;0.0;0.0;0.0;0.0;0.0;0.0;1.0;1.0;0.3;0.0;0.0;1.0;0.0;1.0;SF;0.0;0.0;0.0;0.27;0.081;0.27;0.0;0.0;0.3;0.333;1.0;0.0;0.541;0.3
316;Patrick Beverley;34.0;6.0;6.0;33.6;3.1;7.4;0.4;1.1;3.0;0.4;2.0;4.2;0.5;0.5;2.4;3.1;0.8;0.7;2.6;3.2;5.2;1.1;1.0;1.5;3.7;9.6;PG;0.344;0.417;0.25;0.286;0.155;0.095;0.033;0.03;3.467;0.55;1.297;0.419;0.305;13.7
317;Patrick Williams;20.0;5.0;5.0;30.6;4.4;9.4;0.5;1.4;4.2;0.3;3.0;5.2;0.6;0.5;1.6;2.2;0.7;1.2;4.2;5.4;0.8;1.0;0.6;1.4;3.0;11.8;PF;0.356;0.508;0.136;0.386;0.026;0.176;0.033;0.02;0.571;1.08;1.255;0.234;0.385;12.6
318;Patty Mills;34.0;2.7;0.0;13.4;1.4;3.9;0.3;0.9;3.0;0.3;0.5;0.9;0.4;0.4;0.3;0.4;0.2;0.1;0.3;0.4;0.3;0.1;0.1;0.2;1.0;4.1;PG;0.659;0.244;0.073;0.306;0.022;0.03;0.007;0.007;1.5;0.148;1.051;0.103;0.319;2.2
319;Paul George;33.0;6.0;6.0;37.0;6.5;15.8;0.4;3.0;8.2;0.4;3.5;7.7;0.5;0.5;3.5;4.2;0.8;0.5;6.3;6.8;4.8;1.2;0.5;2.3;3.7;19.5;PF;0.462;0.359;0.179;0.527;0.13;0.184;0.032;0.014;2.087;1.133;1.234;0.266;0.539;20.5
320;Paul Millsap;36.0;1.0;0.0;6.0;0.0;1.0;0.0;0.0;0.0;0.0;0.0;0.0;0.0;0.0;0.0;0.0;0.0;0.0;1.0;1.0;1.0;0.0;0.0;1.0;1.0;1.0;PF;0.0;0.0;0.0;0.167;0.167;0.167;0.0;0.0;1.0;1.0;1.0;0.0;0.333;1.0
321;Paul Reed;23.0;9.7;0.7;11.1;1.4;2.7;0.5;0.1;0.1;0.2;1.4;2.6;0.5;0.5;0.4;0.5;0.7;1.9;2.1;4.0;0.6;0.5;0.5;0.6;1.7;3.3;C;0.091;0.848;0.121;0.297;0.054;0.36;0.045;0.045;1.0;0.412;1.222;0.185;0.317;6.9
322;Payton Pritchard;25.0;17.7;0.0;12.4;1.8;4.0;0.5;0.9;2.4;0.4;0.9;1.6;0.6;0.6;0.4;0.5;0.8;0.4;1.1;1.5;1.6;0.2;0.0;0.5;0.8;4.8;SG;0.563;0.375;0.083;0.387;0.129;0.121;0.016;0.0;3.2;0.085;1.2;0.125;0.381;5.3
323;Peyton Watson;20.5;7.5;0.0;5.9;0.5;1.7;0.3;0.2;0.8;0.4;0.2;0.9;0.3;0.4;0.2;0.3;0.2;0.2;1.0;1.2;0.3;0.0;0.4;0.2;0.6;1.4;SG;0.429;0.286;0.143;0.237;0.051;0.203;0.0;0.068;1.5;0.16;0.824;0.176;0.344;1.8
324;Precious Achiuwa;23.0;7.5;1.5;24.1;3.2;6.8;0.5;0.4;1.5;0.2;2.8;5.2;0.5;0.5;0.8;1.5;0.5;1.8;2.6;4.5;0.8;0.3;1.0;1.0;2.2;7.7;C;0.156;0.727;0.104;0.32;0.033;0.187;0.012;0.041;0.8;0.587;1.132;0.221;0.351;8.9
325;Quentin Grimes;22.0;9.0;6.0;26.9;1.6;5.1;0.3;1.0;4.1;0.2;0.6;1.0;0.6;0.4;1.0;1.2;0.8;0.3;2.4;2.8;1.4;1.0;0.6;1.1;1.9;5.1;SG;0.588;0.235;0.196;0.19;0.052;0.104;0.037;0.022;1.273;0.3;1.0;0.235;0.25;6.0
326;RJ Barrett;22.0;11.0;11.0;34.3;6.5;14.9;0.4;1.8;5.5;0.3;4.6;9.4;0.5;0.5;4.5;5.9;0.8;0.5;4.0;4.5;2.8;0.8;0.2;2.3;2.3;19.3;SG;0.28;0.477;0.233;0.563;0.082;0.131;0.023;0.006;1.217;0.409;1.295;0.396;0.577;15.5
327;Raul Neto;30.0;2.0;0.0;3.5;0.0;0.5;0.0;0.0;0.5;0.0;0.0;0.0;0.0;0.0;0.5;1.0;0.5;0.0;0.0;0.0;0.5;0.0;0.0;1.0;1.0;0.5;PG;0.0;0.0;1.0;0.143;0.143;0.0;0.0;0.0;0.5;0.0;1.0;2.0;0.554;-1.0
328;Rayjon Tucker;24.0;8.0;0.0;2.4;0.1;0.4;0.3;0.0;0.1;0.0;0.1;0.3;0.5;0.3;0.0;0.0;0.0;0.1;0.3;0.4;0.0;0.0;0.0;1.0;0.3;0.3;SG;0.0;0.667;0.0;0.125;0.0;0.167;0.0;0.0;0.0;0.05;0.75;0.0;0.583;-0.6
329;Reggie Bullock;30.0;18.0;18.0;39.3;3.4;8.4;0.4;2.9;7.3;0.4;0.5;1.1;0.4;0.6;0.9;1.0;0.9;0.4;4.1;4.6;1.7;1.2;0.1;0.4;2.7;10.6;SF;0.821;0.094;0.085;0.27;0.043;0.117;0.031;0.003;4.25;0.25;1.262;0.119;0.235;12.6
330;Reggie Jackson;32.5;9.0;0.0;6.4;0.8;2.2;0.4;0.4;1.1;0.4;0.4;1.0;0.2;0.6;0.1;0.1;0.5;0.1;0.7;0.8;0.6;0.2;0.0;0.4;0.5;2.0;PG;0.6;0.4;0.05;0.312;0.094;0.125;0.031;0.0;1.5;0.089;0.909;0.045;0.413;1.8
331;Ricky Rubio;32.0;3.0;0.0;5.7;0.0;0.3;0.0;0.0;0.0;0.0;0.0;0.3;0.0;0.0;0.0;0.0;0.0;0.7;1.3;2.0;1.0;0.3;0.0;1.7;1.7;1.0;PG;0.0;0.0;0.0;0.175;0.175;0.351;0.053;0.0;0.588;0.667;3.333;0.0;0.351;2.3
332;Robert Covington;32.0;2.0;0.0;6.0;0.0;1.5;0.0;0.0;1.0;0.0;0.0;0.5;0.0;0.0;0.0;0.0;0.0;0.0;1.0;1.0;1.0;0.0;0.5;1.0;1.0;1.0;PF;0.0;0.0;0.0;0.167;0.167;0.167;0.0;0.083;1.0;0.5;0.667;0.0;0.417;1.0
333;Robert Williams;24.5;18.5;9.5;22.0;3.2;4.4;0.7;0.0;0.1;0.0;3.2;4.4;0.7;0.7;1.2;1.5;0.8;2.2;3.9;6.1;1.0;0.6;1.8;0.7;2.1;7.7;C;0.0;0.831;0.156;0.35;0.045;0.277;0.027;0.082;1.429;0.33;1.75;0.341;0.262;15.0
334;Robin Lopez;34.0;2.0;0.0;3.0;1.5;1.5;1.0;0.0;0.0;0.0;1.5;1.5;1.0;1.0;1.0;1.0;1.0;0.5;0.0;0.5;0.0;0.0;0.0;0.5;1.0;4.0;C;0.0;0.75;0.25;1.333;0.0;0.167;0.0;0.0;0.0;0.25;2.667;0.667;0.813;4.0
335;Royce O'Neale;29.0;4.7;2.7;28.9;2.0;6.2;0.3;1.2;4.7;0.3;0.8;1.5;0.5;0.4;0.3;0.3;0.7;1.1;3.8;4.9;2.0;0.7;0.2;0.7;2.8;5.4;SF;0.667;0.296;0.056;0.187;0.069;0.17;0.024;0.007;2.857;1.043;0.871;0.048;0.243;8.3
336;Rudy Gobert;30.0;8.7;8.7;34.1;4.5;7.2;0.6;0.0;0.0;0.0;4.5;7.2;0.6;0.6;4.0;6.0;0.7;3.3;8.5;11.7;1.4;0.5;1.0;1.5;3.9;13.0;C;0.0;0.692;0.308;0.381;0.041;0.343;0.015;0.029;0.933;1.356;1.806;0.833;0.333;21.5
337;Rui Hachimura;24.5;10.5;3.0;27.4;3.8;7.9;0.5;1.1;2.6;0.4;2.7;5.3;0.5;0.5;1.4;1.8;0.7;0.9;2.8;3.7;0.7;0.2;0.2;0.5;1.6;10.0;PF;0.33;0.54;0.14;0.365;0.026;0.135;0.007;0.007;1.4;0.352;1.266;0.228;0.335;9.8
338;Russell Westbrook;34.5;5.5;2.5;28.7;5.4;14.6;0.3;1.4;4.2;0.3;4.0;10.4;0.4;0.4;2.8;3.6;0.7;1.4;4.5;5.9;4.6;1.2;1.0;2.8;2.4;15.0;PG;0.28;0.533;0.187;0.523;0.16;0.206;0.042;0.035;1.643;1.073;1.027;0.247;0.661;14.9
339;Saddiq Bey;23.0;6.0;0.0;22.2;2.5;6.7;0.4;1.2;3.0;0.4;1.3;3.7;0.4;0.5;1.3;1.5;0.9;1.2;2.8;4.0;1.0;0.5;0.0;0.3;0.5;7.5;SF;0.48;0.347;0.173;0.338;0.045;0.18;0.023;0.0;3.333;0.667;1.119;0.224;0.345;8.3
340;Sam Hauser;25.0;13.7;0.0;8.0;0.9;2.3;0.3;0.7;1.9;0.3;0.2;0.4;0.4;0.5;0.2;0.2;1.0;0.2;0.9;1.1;0.4;0.1;0.1;0.1;0.5;2.7;SF;0.778;0.148;0.074;0.338;0.05;0.138;0.012;0.012;4.0;0.08;1.174;0.087;0.311;2.9
341;Sam Merrill;27.0;10.0;0.0;12.5;1.0;2.9;0.3;1.0;2.7;0.4;0.0;0.2;0.0;0.5;0.3;0.3;1.0;0.2;1.0;1.2;0.9;0.0;0.0;1.0;0.9;3.3;SG;0.909;0.0;0.091;0.264;0.072;0.096;0.0;0.0;0.9;0.12;1.138;0.103;0.323;2.5
342;Santi Aldama;22.0;6.0;0.0;16.8;2.5;5.5;0.5;1.2;2.5;0.5;1.3;3.0;0.4;0.6;0.3;0.3;1.0;1.2;3.2;4.3;1.2;0.5;0.0;0.3;0.8;6.5;PF;0.554;0.4;0.046;0.387;0.071;0.256;0.03;0.0;4.0;0.733;1.182;0.055;0.353;9.3
343;Scottie Barnes;20.0;4.0;3.0;33.3;4.5;10.5;0.4;0.5;3.0;0.2;4.0;7.5;0.5;0.5;3.3;4.0;0.8;1.8;7.3;9.0;4.3;1.0;0.3;1.3;3.0;12.8;PF;0.117;0.625;0.258;0.384;0.129;0.27;0.03;0.009;3.308;2.275;1.219;0.381;0.407;19.5
344;Serge Ibaka;32.0;6.0;0.0;3.7;0.7;2.7;0.2;0.0;0.5;0.0;0.7;2.2;0.3;0.2;0.2;0.3;0.5;0.3;1.3;1.7;0.0;0.0;0.0;0.3;0.2;1.5;PF;0.0;0.933;0.133;0.405;0.0;0.459;0.0;0.0;0.0;0.267;0.556;0.111;0.846;0.7
345;Seth Curry;31.5;3.5;2.0;26.2;4.4;8.0;0.5;2.0;4.4;0.4;2.4;3.6;0.7;0.7;0.6;0.9;0.7;0.2;1.5;1.8;2.5;0.2;0.4;0.6;2.2;11.4;SG;0.526;0.421;0.053;0.435;0.095;0.069;0.008;0.015;4.167;0.486;1.425;0.112;0.343;11.7
346;Shai Gilgeous-Alexander;25.0;10.0;10.0;39.9;11.1;22.4;0.5;1.6;3.7;0.4;9.5;18.7;0.5;0.5;6.4;8.1;0.8;0.8;6.4;7.2;6.4;1.3;1.7;2.2;3.1;30.2;PG;0.159;0.629;0.212;0.757;0.16;0.18;0.033;0.043;2.909;0.72;1.348;0.362;0.706;31.6
347;Shake Milton;26.0;7.3;0.0;7.4;0.7;1.8;0.4;0.2;0.7;0.2;0.4;1.2;0.4;0.4;1.0;1.2;0.9;0.1;0.7;0.8;0.6;0.4;0.1;0.2;0.5;2.5;PG;0.24;0.32;0.4;0.338;0.081;0.108;0.054;0.014;3.0;0.11;1.389;0.667;0.342;2.9
348;Shaquille Harrison;29.0;8.0;0.0;3.5;0.5;0.9;0.6;0.1;0.1;1.0;0.4;0.8;0.5;0.6;0.1;0.3;0.5;0.0;0.4;0.4;1.1;0.3;0.0;1.0;0.4;1.3;SG;0.231;0.615;0.077;0.371;0.314;0.114;0.086;0.0;1.1;0.05;1.444;0.333;0.581;1.5
349;Skylar Mays;24.0;2.0;0.0;4.5;0.5;0.5;1.0;0.0;0.0;0.0;0.5;0.5;1.0;1.0;0.0;0.0;0.0;0.0;0.5;0.5;0.5;0.5;0.0;1.0;0.5;1.0;SG;0.0;1.0;0.0;0.222;0.111;0.111;0.111;0.0;0.5;0.25;2.0;0.0;0.333;1.5
350;Spencer Dinwiddie;29.0;9.0;2.3;27.4;3.6;8.8;0.4;1.5;3.8;0.4;2.2;4.9;0.5;0.5;2.5;3.5;0.7;0.3;2.1;2.4;3.9;0.8;0.3;1.6;1.8;11.2;PG;0.402;0.393;0.223;0.409;0.142;0.088;0.029;0.011;2.438;0.267;1.273;0.398;0.436;10.8
351;Stephen Curry;33.5;17.5;15.5;36.3;10.2;22.0;0.5;4.2;11.2;0.4;5.9;10.7;0.5;0.6;4.4;5.2;0.8;0.6;4.6;5.2;6.0;1.2;0.4;2.9;2.7;29.0;PG;0.434;0.407;0.152;0.799;0.165;0.143;0.033;0.011;2.069;0.297;1.318;0.236;0.749;26.3
352;Sterling Brown;26.0;9.0;0.0;2.9;0.3;1.1;0.3;0.0;0.4;0.0;0.3;0.7;0.5;0.3;0.6;0.8;0.7;0.1;0.8;0.9;0.3;0.4;0.2;0.3;0.0;1.2;SG;0.0;0.5;0.5;0.414;0.103;0.31;0.138;0.069;1.0;0.1;1.091;0.727;0.604;1.7
353;Steven Adams;28.0;7.0;5.0;16.3;1.3;3.0;0.4;0.0;0.0;0.0;1.3;3.0;0.4;0.4;0.9;1.6;0.5;2.1;4.3;6.4;2.1;0.1;0.1;0.6;1.7;3.4;C;0.0;0.765;0.265;0.209;0.129;0.393;0.006;0.006;3.5;0.914;1.133;0.533;0.264;9.1
354;Svi Mykhailiuk;25.0;5.5;0.0;2.8;0.2;1.1;0.1;0.2;0.9;0.1;0.0;0.2;0.2;0.2;0.2;0.2;0.5;0.0;0.4;0.4;0.0;0.0;0.0;0.2;0.4;0.6;SF;1.0;0.0;0.333;0.214;0.0;0.143;0.0;0.0;0.0;0.073;0.545;0.182;0.496;-0.1
355;T.J. McConnell;31.0;17.0;0.0;20.5;5.3;10.9;0.5;0.4;1.5;0.3;4.9;9.4;0.5;0.5;0.8;0.9;0.9;0.6;2.4;3.1;5.1;0.9;0.1;1.2;1.5;11.8;PG;0.102;0.831;0.068;0.576;0.249;0.151;0.044;0.005;4.25;0.176;1.083;0.083;0.61;14.0
356;T.J. Warren;29.5;4.5;0.0;8.6;0.5;2.0;0.2;0.1;0.8;0.1;0.4;1.2;0.2;0.2;0.2;0.4;0.4;0.5;0.6;1.1;0.4;0.1;0.2;0.1;0.4;1.4;SF;0.214;0.571;0.143;0.163;0.047;0.128;0.012;0.023;4.0;0.244;0.7;0.2;0.265;1.4
357;Taurean Prince;28.0;5.0;0.3;18.4;2.3;5.9;0.4;1.1;3.5;0.3;1.1;2.5;0.5;0.5;1.4;1.6;0.9;0.3;1.5;1.8;0.9;0.4;0.3;0.7;1.5;7.1;PF;0.465;0.31;0.197;0.386;0.049;0.098;0.022;0.016;1.286;0.36;1.203;0.271;0.397;6.0
358;Terance Mann;26.5;5.5;3.0;28.9;3.5;7.2;0.5;1.8;3.8;0.5;1.8;3.4;0.5;0.6;1.2;1.6;0.8;2.1;2.0;4.1;2.0;0.4;0.1;1.3;3.3;10.0;SG;0.54;0.36;0.12;0.346;0.069;0.142;0.014;0.003;1.538;0.745;1.389;0.222;0.318;11.2
359;Terence Davis;25.0;4.0;0.0;14.5;2.0;5.0;0.4;1.5;4.3;0.4;0.5;0.8;0.7;0.6;0.5;0.5;1.0;0.5;1.8;2.3;1.5;0.3;0.0;0.5;3.0;6.0;SG;0.75;0.167;0.083;0.414;0.103;0.159;0.021;0.0;3.0;0.575;1.2;0.1;0.394;6.6
360;Terrence Ross;31.0;6.0;0.0;11.5;1.3;4.5;0.3;1.0;3.7;0.3;0.3;0.8;0.4;0.4;0.0;0.0;0.0;0.0;1.3;1.3;0.2;0.2;0.3;0.2;1.0;3.7;SG;0.811;0.162;0.0;0.322;0.017;0.113;0.017;0.026;1.0;0.217;0.822;0.0;0.409;2.3
361;Thaddeus Young;34.0;3.5;0.0;9.2;0.8;1.5;0.2;0.1;0.6;0.1;0.6;0.9;0.4;0.3;0.1;0.4;0.1;0.6;0.9;1.5;0.8;0.4;0.1;0.2;0.6;1.6;PF;0.188;0.75;0.062;0.174;0.087;0.163;0.043;0.011;4.0;0.429;1.067;0.267;0.204;3.2
362;Thanasis Antetokounmpo;30.0;4.0;0.0;2.5;0.1;0.1;0.2;0.0;0.0;0.0;0.1;0.1;0.2;0.2;0.0;0.1;0.1;0.0;0.1;0.2;0.0;0.2;0.2;1.0;0.3;0.2;SF;0.0;1.0;0.0;0.08;0.0;0.08;0.08;0.08;0.0;0.025;2.0;1.0;0.458;-0.4
363;Thomas Bryant;25.5;1.5;0.0;4.5;1.2;1.8;0.4;0.0;0.5;0.0;1.2;1.2;0.5;0.4;0.5;0.8;0.3;0.5;0.8;1.2;0.2;0.0;0.0;0.5;0.2;3.0;C;0.0;0.8;0.167;0.667;0.044;0.267;0.0;0.0;0.4;0.867;1.667;0.444;0.589;3.1
364;Tim Hardaway Jr.;31.0;14.0;0.0;12.7;1.6;4.1;0.4;0.9;2.6;0.4;0.6;1.5;0.4;0.5;0.3;0.6;0.5;0.1;1.6;1.8;0.4;0.4;0.1;0.1;0.7;4.4;SF;0.614;0.273;0.068;0.346;0.031;0.142;0.031;0.008;4.0;0.121;1.073;0.146;0.351;4.1
365;Timothé Luwawu-Cabarrot;26.0;4.0;0.0;5.5;0.5;1.0;0.5;0.3;0.8;0.3;0.3;0.3;1.0;0.6;0.0;0.0;0.0;0.0;0.8;0.8;0.5;0.0;0.0;0.3;1.5;1.3;SF;0.692;0.462;0.0;0.236;0.091;0.145;0.0;0.0;1.667;0.2;1.3;0.0;0.236;1.8
366;Tobias Harris;30.0;9.7;9.7;36.9;5.6;11.4;0.5;1.4;3.8;0.4;4.2;7.6;0.5;0.5;1.2;1.3;0.9;1.3;6.1;7.4;2.0;0.6;0.6;0.9;2.4;13.7;PF;0.307;0.613;0.088;0.371;0.054;0.201;0.016;0.016;2.222;0.763;1.202;0.114;0.349;17.5
367;Tony Bradley;24.0;2.0;0.0;4.0;2.5;2.5;1.0;0.0;0.0;0.0;2.5;2.5;1.0;1.0;0.0;0.0;0.0;0.0;2.0;2.0;0.5;0.0;0.0;1.0;0.0;5.0;C;0.0;1.0;0.0;1.25;0.125;0.5;0.0;0.0;0.5;1.0;2.0;0.0;0.875;6.5
368;Torrey Craig;31.5;10.0;2.5;12.2;1.6;3.2;0.5;0.6;1.7;0.4;1.0;1.6;0.6;0.6;0.4;0.5;0.7;0.6;1.4;2.0;0.6;0.4;0.2;0.4;1.4;4.4;SF;0.409;0.455;0.091;0.361;0.049;0.164;0.033;0.016;1.5;0.2;1.375;0.156;0.313;5.5
369;Trae Young;23.5;5.5;5.5;37.8;7.2;19.3;0.4;2.2;8.3;0.3;5.0;11.0;0.5;0.4;5.7;6.9;0.8;0.9;3.4;4.4;8.1;1.2;0.4;5.1;2.2;22.3;PG;0.296;0.448;0.256;0.59;0.214;0.116;0.032;0.011;1.588;0.782;1.155;0.358;0.726;17.9
370;Trey Burke;29.0;10.0;0.0;3.7;1.1;2.2;0.5;0.4;1.0;0.4;0.7;1.2;0.6;0.6;0.6;0.6;1.0;0.0;0.3;0.3;0.4;0.1;0.0;0.1;0.3;3.2;PG;0.375;0.437;0.187;0.865;0.108;0.081;0.027;0.0;4.0;0.03;1.455;0.273;0.693;2.8
371;Trey Lyles;27.0;7.0;0.0;16.9;2.4;5.7;0.4;1.3;3.9;0.3;1.1;1.9;0.6;0.5;0.4;0.7;0.6;1.3;4.4;5.7;0.7;0.3;0.0;0.4;1.7;6.6;PF;0.591;0.333;0.061;0.391;0.041;0.337;0.018;0.0;1.75;0.814;1.158;0.123;0.379;9.3
372;Trey Murphy III;22.0;5.0;2.0;31.0;3.0;7.8;0.4;2.0;5.4;0.4;1.0;2.5;0.2;0.5;0.4;0.4;0.4;0.6;3.9;4.5;1.4;0.9;0.8;1.1;2.2;8.4;SF;0.714;0.238;0.048;0.271;0.045;0.145;0.029;0.026;1.273;0.9;1.077;0.051;0.293;10.1
373;Tristan Thompson;31.0;7.0;0.0;7.2;0.6;1.5;0.4;0.0;0.0;0.0;0.6;1.5;0.4;0.4;0.1;0.3;0.2;0.7;1.1;1.8;0.6;0.1;0.2;0.5;0.6;1.4;PF;0.0;0.857;0.071;0.194;0.083;0.25;0.014;0.028;1.2;0.257;0.933;0.2;0.296;2.5
374;Troy Brown Jr.;22.5;7.5;0.0;11.3;1.2;4.0;0.3;0.4;2.5;0.2;0.8;1.6;0.6;0.4;0.0;0.0;0.0;0.3;2.0;2.4;1.0;0.4;0.0;0.5;0.5;2.9;SF;0.414;0.552;0.0;0.257;0.088;0.212;0.035;0.0;2.0;0.307;0.725;0.0;0.398;3.3
375;Tyler Herro;23.0;7.0;2.0;27.1;5.3;12.2;0.4;2.0;5.8;0.4;3.3;6.5;0.5;0.5;1.2;1.3;0.6;0.2;3.0;3.2;3.4;0.3;0.5;1.9;1.5;13.8;SG;0.435;0.478;0.087;0.509;0.125;0.118;0.011;0.018;1.789;0.457;1.131;0.107;0.541;12.3
376;Tyrese Haliburton;23.0;15.0;15.0;34.8;7.0;14.3;0.5;3.5;9.3;0.4;3.5;5.0;0.7;0.6;1.1;1.3;0.8;0.8;4.0;4.8;8.2;1.3;0.7;2.1;0.9;18.7;PG;0.561;0.374;0.059;0.537;0.236;0.138;0.037;0.02;3.905;0.32;1.308;0.091;0.488;24.1
377;Tyrese Maxey;22.0;9.7;9.7;41.1;8.6;18.6;0.5;3.0;7.6;0.4;5.6;11.0;0.5;0.5;3.5;3.9;0.9;0.5;4.0;4.5;4.3;1.0;0.3;1.6;2.4;23.7;PG;0.38;0.473;0.148;0.577;0.105;0.109;0.024;0.007;2.687;0.464;1.274;0.21;0.533;21.8
378;Tyus Jones;25.5;9.0;2.0;20.9;2.6;7.2;0.4;1.0;3.5;0.3;1.6;3.6;0.4;0.4;0.8;0.9;0.8;0.4;2.7;3.2;4.1;1.2;0.1;1.2;0.8;6.8;PG;0.441;0.471;0.118;0.325;0.196;0.153;0.057;0.005;3.417;0.344;0.944;0.125;0.421;9.4
379;Udonis Haslem;42.0;2.0;0.0;1.5;0.0;1.5;0.0;0.0;0.5;0.0;0.0;1.0;0.0;0.0;0.0;0.0;0.0;0.0;0.5;0.5;0.0;0.0;0.0;1.0;0.0;1.0;C;0.0;0.0;0.0;0.667;0.0;0.333;0.0;0.0;0.0;0.25;0.667;0.0;1.667;-1.0
380;Victor Oladipo;29.5;8.5;0.5;23.5;4.2;9.3;0.4;1.0;3.3;0.3;3.1;6.0;0.5;0.5;1.6;2.5;0.6;0.4;3.0;3.4;1.6;1.2;0.4;1.4;2.2;11.0;SG;0.273;0.564;0.145;0.468;0.068;0.145;0.051;0.017;1.143;0.4;1.183;0.269;0.502;10.2
381;Vlatko Cancar;24.5;3.5;0.0;3.2;0.5;1.2;0.3;0.2;0.9;0.2;0.2;0.4;0.5;0.4;0.0;0.0;0.0;0.0;0.8;0.8;0.4;0.0;0.0;0.5;0.0;1.2;PF;0.5;0.333;0.0;0.375;0.125;0.25;0.0;0.0;0.8;0.229;1.0;0.0;0.531;1.2
382;Wendell Carter Jr.;24.0;7.0;5.0;26.4;2.7;6.7;0.4;1.0;3.6;0.3;1.7;3.1;0.5;0.5;1.1;1.6;0.7;1.3;5.0;6.3;1.3;0.7;0.6;0.7;2.9;7.6;C;0.395;0.447;0.145;0.288;0.049;0.239;0.027;0.023;1.857;0.9;1.134;0.239;0.307;11.3
383;Wendell Moore Jr.;21.5;3.5;0.0;2.5;0.2;0.6;0.2;0.1;0.4;0.1;0.2;0.2;0.3;0.2;0.0;0.0;0.0;0.0;0.2;0.2;0.2;0.1;0.0;0.6;0.2;0.6;SG;0.5;0.667;0.0;0.24;0.08;0.08;0.04;0.0;0.333;0.057;1.0;0.0;0.48;0.1
384;Wenyen Gabriel;25.0;10.0;0.0;3.7;0.4;1.0;0.4;0.0;0.0;0.0;0.4;1.0;0.4;0.4;0.2;0.3;0.7;0.8;0.1;0.9;0.0;0.2;0.3;0.2;0.8;1.0;C;0.0;0.8;0.2;0.27;0.0;0.243;0.054;0.081;0.0;0.09;1.0;0.3;0.36;1.5
385;Wesley Matthews;35.5;7.0;6.0;24.6;2.0;4.9;0.4;1.8;3.6;0.5;0.3;1.3;0.2;0.6;0.2;0.4;0.3;0.6;1.6;2.3;0.8;0.9;0.4;0.2;1.9;6.1;SG;0.885;0.098;0.033;0.248;0.033;0.093;0.037;0.016;4.0;0.314;1.245;0.082;0.214;7.1
386;Will Barton;31.0;5.0;5.0;34.4;5.4;13.2;0.4;2.2;5.6;0.4;3.2;7.6;0.4;0.5;0.8;1.2;0.7;1.0;4.6;5.6;2.8;0.8;0.2;2.0;2.2;13.8;SG;0.478;0.464;0.058;0.401;0.081;0.163;0.023;0.006;1.4;1.12;1.045;0.091;0.457;13.0
387;Willy Hernangómez;27.0;1.0;0.0;2.0;1.0;4.0;0.2;0.0;1.0;0.0;1.0;3.0;0.3;0.2;0.0;0.0;0.0;2.0;0.0;2.0;0.0;0.0;0.0;1.0;1.0;2.0;C;0.0;1.0;0.0;1.0;0.0;1.0;0.0;0.0;0.0;2.0;0.5;0.0;2.5;0.0
388;Xavier Tillman Sr.;24.0;7.7;4.0;18.2;2.2;3.8;0.6;0.1;0.3;0.6;2.1;3.4;0.6;0.7;0.3;0.5;0.7;1.6;2.8;4.4;1.4;0.6;0.4;0.7;1.8;4.9;PF;0.061;0.857;0.061;0.269;0.077;0.242;0.033;0.022;2.0;0.571;1.289;0.132;0.259;9.2
389;Yuta Watanabe;27.5;2.5;0.0;3.8;0.8;1.8;0.4;0.5;1.2;0.2;0.2;0.6;0.2;0.5;0.0;1.0;0.0;0.0;0.5;0.5;0.0;0.0;0.0;0.6;0.0;2.0;SF;0.75;0.2;0.0;0.526;0.0;0.132;0.0;0.0;0.0;0.2;1.111;0.556;0.747;-0.1
390;Zach LaVine;26.0;4.0;4.0;38.3;6.8;15.8;0.4;2.3;6.0;0.4;4.5;9.8;0.5;0.5;3.5;3.8;0.9;0.0;5.3;5.3;6.0;0.8;0.3;3.0;2.3;19.3;SF;0.358;0.466;0.181;0.504;0.157;0.138;0.021;0.008;2.0;1.325;1.222;0.241;0.535;19.4
391;Zeke Nnaji;22.0;3.3;0.0;3.9;0.5;0.8;0.7;0.2;0.4;0.4;0.3;0.4;0.6;0.9;0.1;0.2;0.2;0.2;0.1;0.4;0.0;0.1;0.1;0.3;0.4;1.4;PF;0.429;0.429;0.071;0.359;0.0;0.103;0.026;0.026;0.0;0.091;1.75;0.25;0.305;1.2
392;Ziaire Williams;20.5;7.0;0.5;9.9;1.4;3.5;0.4;0.7;2.2;0.3;0.8;1.3;0.5;0.5;0.6;0.6;0.5;0.2;0.8;1.0;0.5;0.2;0.0;0.4;0.8;4.1;SF;0.512;0.39;0.146;0.414;0.051;0.101;0.02;0.0;1.25;0.143;1.171;0.171;0.421;3.3
