Rk;Player;Pos;Age;Tm;G;GS;MP;FG;FGA;FG%;3P;3PA;3P%;2P;2PA;2P%;eFG%;FT;FTA;FT%;ORB;DRB;TRB;AST;STL;BLK;TOV;PF;PTS
1;Precious Achiuwa;C;22;TOR;6;1;27.8;4.2;8.7;0.481;0.8;2.7;0.313;3.3;6;0.556;0.529;1;1.7;0.6;1.3;3.5;4.8;1;0.2;0.8;1.5;2.3;10.2
2;Steven Adams;C;28;MEM;7;5;16.3;1.3;3;0.429;0;0;0;1.3;3;0.429;0.429;0.9;1.6;0.545;2.1;4.3;6.4;2.1;0.1;0.1;0.6;1.7;3.4
3;Bam Adebayo;C;24;MIA;18;18;34.1;5.8;9.7;0.594;0;0.1;0;5.8;9.7;0.598;0.594;3.2;4.2;0.763;2.1;5.9;8;2.7;1;0.7;2.1;3.1;14.8
4;Nickeil Alexander-Walker;SG;23;UTA;1;0;5;2;2;1;0;0;0;2;2;1;1;1;1;1;0;1;1;1;1;0;0;0;5
5;Grayson Allen;SG;26;MIL;12;5;25.4;3.1;6.8;0.451;1.6;4;0.396;1.5;2.8;0.529;0.567;0.6;0.9;0.636;0.4;2.5;2.9;1.3;0.7;0.3;0.8;1.8;8.3
6;Jose Alvarado;PG;23;NOP;6;0;19.5;2.7;5.5;0.485;1;2.7;0.375;1.7;2.8;0.588;0.576;1.7;2.2;0.769;0.3;1;1.3;1.5;1.2;0.2;1.2;3;8
7;Kyle Anderson;PF;28;MEM;12;1;18.4;2.4;4.3;0.569;0.3;1;0.25;2.2;3.3;0.667;0.598;0.9;1.5;0.611;0.8;3.5;4.3;1.8;0.9;0.6;0.8;1.8;6
8;Giannis Antetokounmpo;PF;27;MIL;12;12;37.3;11.7;23.8;0.491;0.8;3.4;0.22;10.9;20.3;0.537;0.507;7.6;11.2;0.679;2.2;12;14.2;6.8;0.7;1.3;4.5;3.6;31.7
9;Thanasis Antetokounmpo;SF;29;MIL;8;0;2.5;0.3;0.4;0.667;0;0;0;0.3;0.4;0.667;0.667;0.1;0.4;0.333;0.1;0.4;0.5;0.1;0.1;0;0;0.5;0.6
10;OG Anunoby;SF;24;TOR;6;6;36.2;6.5;13.7;0.476;2.3;6.8;0.341;4.2;6.8;0.61;0.561;2;2.7;0.75;1.2;2.8;4;2.5;1;0.2;1.7;3;17.3
11;Deandre Ayton;C;23;PHO;13;13;30.5;8.1;12.6;0.64;0.2;0.3;0.5;7.9;12.3;0.644;0.646;1.6;2.5;0.636;2.5;6.4;8.9;1.7;0.4;0.8;1.5;2.6;17.9
12;Desmond Bane;SF;23;MEM;12;12;35.7;6.3;13.3;0.478;3.6;7.3;0.489;2.8;5.9;0.465;0.613;2.5;2.9;0.857;0.4;3.3;3.8;2.2;0.9;0.8;1.3;1.9;18.8
13;Dalano Banton;PG;22;TOR;4;0;2;0.5;0.5;1;0;0;0;0.5;0.5;1;1;0.8;1.5;0.5;0.5;0;0.5;0.3;0.3;0;0.3;0;1.8
14;Scottie Barnes;PF;20;TOR;4;3;33.3;4.5;10.5;0.429;0.5;3;0.167;4;7.5;0.533;0.452;3.3;4;0.813;1.8;7.3;9;4.3;1;0.3;1.3;3;12.8
15;Will Barton;SG;31;DEN;5;5;34.4;5.4;13.2;0.409;2.2;5.6;0.393;3.2;7.6;0.421;0.492;0.8;1.2;0.667;1;4.6;5.6;2.8;0.8;0.2;2;2.2;13.8
16;Charles Bassey;PF;21;PHI;3;0;4;0.3;0.7;0.5;0;0;0;0.3;0.7;0.5;0.5;0;0.3;0;0.3;1.3;1.7;0.3;0;0.3;0;0.3;0.7
17;Malik Beasley;SG;25;MIN;6;0;19.8;3.2;7.3;0.432;1.3;4.2;0.32;1.8;3.2;0.579;0.523;0.8;1;0.833;0.3;3;3.3;0.7;0.3;0.2;1.2;1.5;8.5
18;D?vis Bert?ns;PF;29;DAL;18;0;10.7;1.2;3.1;0.4;1.1;2.8;0.373;0.2;0.2;0.75;0.573;0.6;0.7;0.833;0.2;1.2;1.4;0.3;0.4;0.1;0.2;1.4;4.1
19;Patrick Beverley;PG;33;MIN;6;6;32.3;3.5;8.2;0.429;1.5;4.3;0.346;2;3.8;0.522;0.52;2.5;3.7;0.682;0.7;2.5;3.2;4.8;1.2;1.2;2;4.7;11
20;Khem Birch;C;29;TOR;6;4;10.5;1.3;2.7;0.5;0.3;0.7;0.5;1;2;0.5;0.563;0;0;0;0.7;0.8;1.5;0.5;0.2;0.2;0.5;2.2;3
21;Bismack Biyombo;C;29;PHO;9;0;9.6;1.2;1.9;0.647;0;0;0;1.2;1.9;0.647;0.647;0.3;0.7;0.5;0.9;1.2;2.1;0.6;0.1;0.2;0.7;1.4;2.8
22;Nemanja Bjelica;C;33;GSW;15;0;10;1.2;2.3;0.529;0.2;0.5;0.375;1;1.7;0.577;0.574;0.3;0.5;0.571;0.4;1.7;2.1;1.1;0.3;0.1;0.5;1.4;2.9
23;Bogdan Bogdanovi?;SG;29;ATL;4;0;26.8;5;12.3;0.408;2.3;6.5;0.346;2.8;5.8;0.478;0.5;2;2.5;0.8;1;3.8;4.8;3;0.3;0.3;1;3;14.3
24;Bojan Bogdanovi?;PF;32;UTA;6;6;35.7;6.5;13.5;0.481;1.8;5.5;0.333;4.7;8;0.583;0.549;3.2;4;0.792;0.5;3.7;4.2;1.7;0.3;0;2;4;18
25;Isaac Bonga;SF;22;TOR;1;0;3;0;0;0;0;0;0;0;0;0;0;2;2;1;0;1;1;0;0;0;0;1;2
26;Devin Booker;SG;25;PHO;10;10;36.6;7.9;17.5;0.451;2.8;6.5;0.431;5.1;11;0.464;0.531;4.7;5.3;0.887;1;3.8;4.8;4.4;0.5;0.4;3.2;2.5;23.3
27;Chris Boucher;PF;29;TOR;6;0;21.7;4.3;7;0.619;1;2.5;0.4;3.3;4.5;0.741;0.69;1.5;1.7;0.9;2;3.8;5.8;0.2;0.2;1.2;0.3;2.2;11.2
28;Tony Bradley;C;24;CHI;2;0;4;2.5;2.5;1;0;0;0;2.5;2.5;1;1;0;0;0;0;2;2;0.5;0;0;0;0;5
29;Mikal Bridges;SF;25;PHO;13;13;38.5;5.1;10.6;0.478;1;2.5;0.394;4.1;8.1;0.505;0.525;2.2;2.3;0.933;0.9;3.8;4.7;2.8;1.1;1;0.8;2.4;13.3
30;Armoni Brooks;PG;23;TOR;4;0;2;0;1;0;0;1;0;0;0;0;0;0;0;0;0;0.5;0.5;0;0;0;0;0;0
31;Dillon Brooks;SF;26;MEM;11;11;30.5;5.5;15.6;0.349;2.3;6.5;0.347;3.2;9.1;0.35;0.422;1.5;2.3;0.64;0.7;2;2.7;2.7;1;0.3;2;3.3;14.6
32;Bruce Brown;SF;25;BRK;4;4;34.8;5.3;9.3;0.568;1.5;3.5;0.429;3.8;5.8;0.652;0.649;2;2.5;0.8;1.5;3.3;4.8;2.8;1.3;0.8;2.3;4;14
33;Jaylen Brown;SF;25;BOS;24;24;38.3;8.2;17.5;0.47;2.5;6.7;0.373;5.7;10.8;0.531;0.542;4.2;5.5;0.763;1.4;5.5;6.9;3.5;1.1;0.4;3.1;3;23.1
34;Sterling Brown;SG;26;DAL;9;0;2.9;0.3;1.1;0.3;0;0.4;0;0.3;0.7;0.5;0.3;0.6;0.8;0.714;0.1;0.8;0.9;0.3;0.4;0.2;0.3;0;1.2
35;Troy Brown Jr.;SF;22;CHI;3;0;12.3;1.7;5.7;0.294;0.7;3.7;0.182;1;2;0.5;0.353;0;0;0;0.3;2.3;2.7;1;0.7;0;1;0.7;4
36;Jalen Brunson;PG;25;DAL;18;18;34.9;8.1;17.3;0.466;1.4;4.2;0.347;6.6;13.1;0.504;0.508;4;5;0.8;0.8;3.8;4.6;3.7;0.8;0.1;1.1;2.1;21.6
37;Reggie Bullock;SF;30;DAL;18;18;39.3;3.4;8.4;0.404;2.9;7.3;0.397;0.5;1.1;0.45;0.576;0.9;1;0.889;0.4;4.1;4.6;1.7;1.2;0.1;0.4;2.7;10.6
38;Trey Burke;PG;29;DAL;10;0;3.7;1.1;2.2;0.5;0.4;1;0.4;0.7;1.2;0.583;0.591;0.6;0.6;1;0;0.3;0.3;0.4;0.1;0;0.1;0.3;3.2
39;Jared Butler;SG;21;UTA;1;0;5;0;2;0;0;0;0;0;2;0;0;0;0;0;0;1;1;0;0;0;0;0;0
40;Jimmy Butler;SF;32;MIA;17;17;37;9.8;19.3;0.506;1.4;4;0.338;8.4;15.3;0.55;0.541;6.5;7.8;0.841;2.4;4.9;7.4;4.6;2.1;0.6;1.5;1.5;27.4
41;Facundo Campazzo;PG;30;DEN;4;0;3.3;0;0.5;0;0;0.5;0;0;0;0;0;0;0;0;0;0.8;0.8;0.5;0;0;0.5;0.8;0
42;Vlatko ?an?ar;PF;24;DEN;2;0;4.5;1;1.5;0.667;0.5;1;0.5;0.5;0.5;1;0.833;0;0;0;0;1;1;0.5;0;0;1;0;2.5
43;Clint Capela;C;27;ATL;2;2;20;1;3;0.333;0;0;0;1;3;0.333;0.333;0;0;0;2;5.5;7.5;0;0.5;0.5;0.5;1;2
44;Jevon Carter;PG;26;MIL;11;0;11.5;0.8;1.7;0.474;0.3;0.6;0.429;0.5;1.1;0.5;0.553;0.2;0.2;1;0.3;1.2;1.5;0.9;0.7;0;0.5;1.1;2.1
45;Alex Caruso;SG;27;CHI;4;4;28.3;2.3;5.8;0.391;1.8;4.5;0.389;0.5;1.3;0.4;0.543;0;0;0;0.5;2.3;2.8;4.3;1.3;1;0.3;2.8;6.3
46;Marquese Chriss;PF;24;DAL;8;0;3.8;0.5;1;0.5;0.1;0.3;0.5;0.4;0.8;0.5;0.563;0.6;0.8;0.833;0.5;0.6;1.1;0;0;0;0.1;0.4;1.8
47;Brandon Clarke;PF;25;MEM;12;0;24.7;4.7;7.6;0.615;0;0.1;0;4.7;7.5;0.622;0.615;3;4.5;0.667;3.1;3.8;6.9;2;0.8;0.8;1;1.9;12.3
48;Jordan Clarkson;SG;29;UTA;6;0;28.3;6.7;12.2;0.548;1.5;4;0.375;5.2;8.2;0.633;0.61;2.7;3;0.889;0.8;2.3;3.2;1.3;0.5;0.2;1.7;2.8;17.5
49;Nic Claxton;C;22;BRK;4;0;24.5;4.8;6;0.792;0;0;0;4.8;6;0.792;0.792;1;5.5;0.182;1.8;4.5;6.3;1.5;1.3;2.3;0.5;1.5;10.5
50;John Collins;PF;24;ATL;5;4;24.4;3.8;7.8;0.487;0.8;2.2;0.364;3;5.6;0.536;0.538;1;2;0.5;0.4;4.2;4.6;1.2;0.4;0.2;1;2.4;9.4
51;Mike Conley;PG;34;UTA;6;6;29;3.2;9.5;0.333;0.8;4.2;0.2;2.3;5.3;0.438;0.377;2;2.5;0.8;0.3;2.8;3.2;4.8;0.8;0.3;2.2;3.2;9.2
52;Pat Connaughton;SG;29;MIL;12;0;26.5;3.5;7.3;0.477;2.1;5.3;0.391;1.4;2;0.708;0.619;0.4;0.4;1;0.3;4;4.3;0.9;0.4;0.3;0.6;1.2;9.5
53;DeMarcus Cousins;C;31;DEN;5;0;11.4;3.8;5.8;0.655;0.8;1.2;0.667;3;4.6;0.652;0.724;2.2;3;0.733;0.6;2.8;3.4;1.2;0.6;0.2;1.4;1.8;10.6
54;Torrey Craig;SF;31;PHO;9;0;7.7;0.9;2.4;0.364;0.3;1.1;0.3;0.6;1.3;0.417;0.432;0.1;0.2;0.5;0.6;1.1;1.7;0.6;0.4;0.2;0.4;0.7;2.2
55;Jae Crowder;PF;31;PHO;13;13;29.5;3.2;8.1;0.4;1.5;4.8;0.302;1.8;3.2;0.548;0.49;1.5;2;0.731;0.6;4.1;4.7;2.4;1;0.5;1.5;3.6;9.4
56;Jarrett Culver;SG;22;MEM;3;0;7.3;1;3.3;0.3;0;0.7;0;1;2.7;0.375;0.3;0.3;0.7;0.5;0.7;1.7;2.3;0.3;0.7;0;0.7;1.3;2.3
57;Seth Curry;SG;31;BRK;4;4;33;5.5;9.8;0.564;3;5.8;0.522;2.5;4;0.625;0.718;0.5;0.8;0.667;0.5;2;2.5;3;0.3;0.8;0.8;3.8;14.5
58;Stephen Curry;PG;33;GSW;22;18;34.7;9.2;20;0.459;4.1;10.4;0.397;5;9.6;0.526;0.563;4.9;5.9;0.829;0.5;4.7;5.2;5.9;1.3;0.4;2.6;2.7;27.4
59;Dewayne Dedmon;C;32;MIA;14;0;9.9;1.5;3.2;0.467;0.1;0.7;0.1;1.4;2.5;0.571;0.478;0.7;0.9;0.833;1.1;1.9;3;0.4;0.1;0.2;0.5;2.6;3.8
60;DeMar DeRozan;PF;32;CHI;5;5;40.6;7.8;19;0.411;0;1.8;0;7.8;17.2;0.453;0.411;5.2;6;0.867;0.2;5.2;5.4;4.8;1.8;0.4;2.2;2.4;20.8
61;Gorgui Dieng;C;32;ATL;2;0;5;0.5;1;0.5;0;0.5;0;0.5;0.5;1;0.5;0.5;0.5;1;0.5;1;1.5;0;0;0;0;0;1.5
62;Spencer Dinwiddie;PG;28;DAL;18;3;27.8;4.4;10.7;0.417;2.2;5.3;0.417;2.2;5.3;0.417;0.521;3.1;3.7;0.821;0.4;2;2.4;3.6;0.8;0.3;1.6;2.3;14.2
63;Luka Don?i?;PG;22;DAL;15;15;36.8;10.7;23.5;0.455;3.4;9.9;0.345;7.3;13.6;0.534;0.527;6.9;9;0.77;0.7;9.1;9.8;6.4;1.8;0.6;3.9;2.9;31.7
64;Ayo Dosunmu;SG;22;CHI;5;1;17.2;1.6;5.2;0.308;0.6;2.6;0.231;1;2.6;0.385;0.365;0.2;0.2;1;0.8;1.8;2.6;2.2;0.2;0;0.6;1;4
65;Goran Dragi?;PG;35;BRK;4;0;19.8;4.5;8;0.563;1;3;0.333;3.5;5;0.7;0.625;0.5;0.5;1;1.5;3;4.5;1.5;0.8;0;1.3;2.8;10.5
66;Andre Drummond;C;28;BRK;4;4;15;1.5;2.8;0.545;0;0;0;1.5;2.8;0.545;0.545;0.8;1.3;0.6;0.8;2.3;3;0.8;1.3;0.8;1.5;3;3.8
67;Kevin Durant;PF;33;BRK;4;4;44;8;20.8;0.386;1.8;5.3;0.333;6.3;15.5;0.403;0.428;8.5;9.5;0.895;0.5;5.3;5.8;6.3;1;0.3;5.3;3.8;26.3
68;Anthony Edwards;SG;20;MIN;6;6;37.8;8.3;18.3;0.455;3.8;9.5;0.404;4.5;8.8;0.509;0.559;4.7;5.7;0.824;0.7;3.5;4.2;3;1.2;1.2;2.5;3.7;25.2
69;Kessler Edwards;SF;21;BRK;2;0;3.5;0;0;0;0;0;0;0;0;0;0;0;0;0;0;0;0;0.5;0.5;0;0.5;1.5;0
70;Joel Embiid;C;27;PHI;10;10;38.5;7.8;16.1;0.484;0.7;3.3;0.212;7.1;12.8;0.555;0.506;7.3;8.9;0.82;2.1;8.6;10.7;2.1;0.4;0.8;3.2;3.4;23.6
71;Dorian Finney-Smith;PF;28;DAL;18;18;38.2;4.1;8.7;0.471;2.6;6;0.426;1.6;2.7;0.571;0.618;0.9;1.3;0.708;1.8;3.7;5.5;1.9;0.9;0.4;1;2.9;11.7
72;Malik Fitts;PF;24;BOS;9;0;1.8;0.3;0.4;0.75;0.2;0.2;1;0.1;0.2;0.5;1;0;0;0;0;0.2;0.2;0;0;0;0;0;0.9
73;Malachi Flynn;PG;23;TOR;6;0;6;0;1.2;0;0;0.5;0;0;0.7;0;0;0;0;0;0.3;0.2;0.5;0.5;0.2;0;0.2;1;0
74;Bryn Forbes;SG;28;DEN;5;0;15.2;1.2;3;0.4;0.8;2.2;0.364;0.4;0.8;0.5;0.533;0.8;1;0.8;0.2;0.4;0.6;1.4;0.2;0;0.4;1.4;4
75;Danilo Gallinari;PF;33;ATL;5;3;22.4;3.6;9;0.4;0.8;3;0.267;2.8;6;0.467;0.444;2.2;2.2;1;0.4;3.8;4.2;0.8;0.2;0;1;1.2;10.2
76;Rudy Gobert;C;29;UTA;6;6;32.8;3.5;5.5;0.636;0;0;0;3.5;5.5;0.636;0.636;5;7.3;0.682;3.5;9.7;13.2;0.5;0.2;1;1.3;3.2;12
77;Aaron Gordon;PF;26;DEN;5;5;32;4.6;10.8;0.426;0.6;3;0.2;4;7.8;0.513;0.454;4;5.6;0.714;3.6;3.6;7.2;2.6;0.4;1.2;1.6;2.8;13.8
78;Devonte' Graham;PG;26;NOP;6;0;10;1;3;0.333;0.8;2.3;0.357;0.2;0.7;0.25;0.472;1.2;1.3;0.875;0.3;1.2;1.5;0.7;0.2;0.2;0.7;0.5;4
79;Danny Green;SF;34;PHI;12;12;26.6;3;7.4;0.404;2.6;6.3;0.408;0.4;1.1;0.385;0.579;0;0.1;0;0.8;2.3;3.1;0.8;1;0.3;1.1;1.9;8.6
80;Draymond Green;PF;31;GSW;22;22;32;3.1;6.5;0.479;0.4;1.8;0.205;2.8;4.8;0.581;0.507;1.4;2.1;0.638;1.2;6;7.2;6.3;1.1;1;2.7;4;8
81;JaMychal Green;PF;31;DEN;5;0;13.8;1.2;3.2;0.375;0.2;1;0.2;1;2.2;0.455;0.406;1.4;1.4;1;0.6;1.8;2.4;0.4;0;0.2;0.4;2.4;4
82;Javonte Green;SF;28;CHI;5;1;14.4;0.6;3.4;0.176;0;1.2;0;0.6;2.2;0.273;0.176;0.2;0.4;0.5;1.6;1.4;3;0.4;1.8;0;0.8;1.6;1.4
83;Jeff Green;C;35;DEN;5;5;22.6;1.2;3.4;0.353;0.6;1.6;0.375;0.6;1.8;0.333;0.441;0.8;1;0.8;1.4;2.2;3.6;0.4;0.6;0.4;0.4;1.2;3.8
84;Josh Green;SG;21;DAL;16;0;7.6;0.5;1.8;0.286;0.3;1.4;0.227;0.2;0.4;0.5;0.375;0.1;0.5;0.25;0.1;0.7;0.8;0.4;0.3;0;0;1;1.4
85;Blake Griffin;PF;32;BRK;2;0;12.5;1;3.5;0.286;1;2.5;0.4;0;1;0;0.429;1;1;1;1;1;2;2;0.5;0.5;0.5;1.5;4
86;James Harden;SG;32;PHI;12;12;39.9;5.3;13.2;0.405;2.3;6.3;0.368;3;6.8;0.439;0.494;5.6;6.3;0.893;0.9;4.8;5.7;8.6;0.8;0.7;4.2;2.4;18.6
87;Tobias Harris;PF;29;PHI;12;12;38.8;6.8;13.5;0.5;1.8;4.8;0.386;4.9;8.8;0.562;0.568;1.6;1.8;0.864;0.8;6.8;7.6;2.9;1.1;0.8;1.5;2.9;16.9
88;Sam Hauser;SF;24;BOS;7;0;2.1;0.1;0.6;0.25;0.1;0.4;0.333;0;0.1;0;0.375;0.3;0.3;1;0;0.1;0.1;0.3;0;0;0;0;0.7
89;Jaxson Hayes;C;21;NOP;6;6;13.8;2.3;4.2;0.56;0;0.5;0;2.3;3.7;0.636;0.56;1.2;1.8;0.636;0.7;1.8;2.5;0.2;0;0.3;0.7;1.8;5.8
90;Juancho Hernangómez;PF;26;UTA;6;0;9.3;0.8;3;0.278;0.7;2;0.333;0.2;1;0.167;0.389;0;0;0;0.3;1.7;2;0.8;0.3;0;0.3;0.7;2.3
91;Willy Hernangómez;C;27;NOP;1;0;2;1;4;0.25;0;1;0;1;3;0.333;0.25;0;0;0;2;0;2;0;0;0;0;1;2
92;Tyler Herro;SG;22;MIA;15;0;25.4;4.9;12.1;0.409;1.1;4.7;0.229;3.9;7.4;0.523;0.453;1.7;1.8;0.926;0.5;3.4;3.9;2.8;0.6;0.4;1.8;1.4;12.6
93;Haywood Highsmith;SF;25;MIA;8;0;3.9;0.4;0.9;0.429;0.4;0.6;0.6;0;0.3;0;0.643;0;0;0;0.3;0.4;0.6;0.4;0;0;0.4;0.3;1.1
94;George Hill;SG;35;MIL;5;0;15.2;0.2;1;0.2;0.2;0.4;0.5;0;0.6;0;0.3;0.4;0.4;1;0.2;1;1.2;0.6;0;0;0.2;2;1
95;Aaron Holiday;PG;25;PHO;6;0;3.3;1.3;2.3;0.571;0.8;1.2;0.714;0.5;1.2;0.429;0.75;0;0.2;0;0.5;0;0.5;1.5;0.5;0.2;0;0.2;3.5
96;Jrue Holiday;PG;31;MIL;12;12;38.6;7.4;19.6;0.379;2.1;6.6;0.316;5.3;13;0.41;0.432;2.2;2.6;0.839;1;4.6;5.6;6.5;1.8;0.6;2.8;2.3;19.1
97;Al Horford;C;35;BOS;23;23;35.4;4.4;8.4;0.523;2;4.3;0.48;2.3;4.1;0.568;0.645;1.2;1.6;0.778;1.5;7.8;9.3;3.3;0.8;1.3;1.3;2.8;12
98;Danuel House Jr.;SF;28;UTA;6;0;18.7;1.5;3.7;0.409;0.3;1.7;0.2;1.2;2;0.583;0.455;1;1.3;0.75;0.3;2.5;2.8;0.7;0;0.2;1;1.2;4.3
99;Kevin Huerter;SG;23;ATL;5;5;30.8;3.4;9.4;0.362;1.8;6.2;0.29;1.6;3.2;0.5;0.457;0.6;0.8;0.75;0.2;2.8;3;3.8;1.2;0.6;2.2;3;9.2
100;De'Andre Hunter;SF;24;ATL;5;5;35;7.8;14;0.557;2.4;5.2;0.462;5.4;8.8;0.614;0.643;3.2;4;0.8;0.4;3.4;3.8;0.6;0.8;0.2;2.2;4;21.2
101;Bones Hyland;PG;21;DEN;5;0;17.4;2.6;7.2;0.361;1.6;4.6;0.348;1;2.6;0.385;0.472;2.4;2.8;0.857;0.2;1.8;2;3.2;0.2;0;1.2;2.4;9.2
102;Serge Ibaka;PF;32;MIL;6;0;3.7;0.7;2.7;0.25;0;0.5;0;0.7;2.2;0.308;0.25;0.2;0.3;0.5;0.3;1.3;1.7;0;0;0;0.3;0.2;1.5
103;Andre Iguodala;SF;38;GSW;7;0;8.7;0.6;1.3;0.444;0.1;0.4;0.333;0.4;0.9;0.5;0.5;0.3;0.4;0.667;0.4;0.6;1;1.7;0;0.3;0.6;1.6;1.6
104;Brandon Ingram;SF;24;NOP;6;6;39.3;9.3;19.7;0.475;1.8;4.5;0.407;7.5;15.2;0.495;0.521;6.5;7.8;0.83;0.7;5.5;6.2;6.2;0.7;0.3;3.8;1.8;27
105;Kyrie Irving;PG;29;BRK;4;4;42.5;7;15.8;0.444;2;5.3;0.381;5;10.5;0.476;0.508;5.3;5.3;1;1.5;3.8;5.3;5.3;1.8;1.3;2.3;3.3;21.3
106;Jaren Jackson Jr.;PF;22;MEM;12;12;27.7;4.9;13;0.378;2.3;6;0.375;2.7;7;0.381;0.465;3.3;4.4;0.755;2.2;4.6;6.8;0.9;0.8;2.5;1.4;4.4;15.4
107;Isaiah Joe;SG;22;PHI;7;0;2.1;0.3;0.7;0.4;0.1;0.4;0.333;0.1;0.3;0.5;0.5;0;0;0;0;0.3;0.3;0;0;0;0.4;0.1;0.7
108;Cameron Johnson;PF;25;PHO;13;3;24.6;3.5;7.6;0.465;1.7;4.5;0.373;1.8;3.1;0.6;0.576;2;2.5;0.813;0.7;2.8;3.5;1.5;0.4;0.1;0.9;2.4;10.8
109;Jalen Johnson;PF;20;ATL;2;0;4.5;0;1.5;0;0;0.5;0;0;1;0;0;0;0;0;0;0;0;0;0;0;0.5;0;0
110;Nikola Joki?;C;26;DEN;5;5;34.2;12.2;21.2;0.575;1;3.6;0.278;11.2;17.6;0.636;0.599;5.6;6.6;0.848;3.4;9.8;13.2;5.8;1.6;1;4.8;4;31
111;Derrick Jones Jr.;PF;24;CHI;5;0;11.8;1.4;3.4;0.412;0.6;2.2;0.273;0.8;1.2;0.667;0.5;0.4;0.6;0.667;0.6;0.8;1.4;0.4;0.2;0;0.6;1.6;3.8
112;Herbert Jones;PF;23;NOP;6;6;37.7;3.5;7.3;0.477;0.8;2;0.417;2.7;5.3;0.5;0.534;2.8;3.7;0.773;1.3;2;3.3;1.8;1.8;0.8;1.3;3.7;10.7
113;Tyus Jones;PG;25;MEM;12;3;21.8;3.3;8.3;0.394;1.5;3.8;0.4;1.8;4.5;0.389;0.485;1.2;1.3;0.933;0.3;2.9;3.3;4.5;1.2;0.2;1.1;0.7;9.2
114;DeAndre Jordan;C;33;PHI;3;2;10.3;1.7;1.7;1;0;0;0;1.7;1.7;1;1;0;0;0;0.3;2;2.3;0.3;0;0.7;0.7;1.3;3.3
115;Maxi Kleber;PF;30;DAL;18;0;25.4;3;5.9;0.509;1.9;4.3;0.436;1.1;1.6;0.714;0.67;0.8;1.2;0.714;0.8;3.7;4.6;1.1;0.2;0.8;0.6;2.7;8.7
116;Kevin Knox;SF;22;ATL;2;0;4.5;3.5;5.5;0.636;3;5;0.6;0.5;0.5;1;0.909;1;1;1;0;1;1;0;1;0;1.5;0;11
117;John Konchar;SG;25;MEM;8;0;7;0.4;1.4;0.273;0.1;0.8;0.167;0.3;0.6;0.4;0.318;0.3;0.3;1;0.4;2;2.4;0.6;0.4;0.1;0.1;0.9;1.1
118;Furkan Korkmaz;SG;24;PHI;9;0;6.8;1.2;2.6;0.478;0.4;1.1;0.4;0.8;1.4;0.538;0.565;0.2;0.2;1;0.1;1.2;1.3;0.4;0.1;0.1;0.2;0.8;3.1
119;Luke Kornet;C;26;BOS;9;0;2.1;0.3;0.4;0.75;0.1;0.1;1;0.2;0.3;0.667;0.875;0;0;0;0.1;0.4;0.6;0.1;0;0;0.1;0.1;0.8
120;Jonathan Kuminga;SF;19;GSW;16;3;8.6;1.9;3.8;0.5;0.2;0.8;0.231;1.7;2.9;0.574;0.525;1.3;1.6;0.769;0.3;1.4;1.7;0.5;0.2;0.1;0.7;0.7;5.2
121;Zach LaVine;SF;26;CHI;4;4;38.3;6.8;15.8;0.429;2.3;6;0.375;4.5;9.8;0.462;0.5;3.5;3.8;0.933;0;5.3;5.3;6;0.8;0.3;3;2.3;19.3
122;Damion Lee;SG;29;GSW;16;0;7.8;0.8;2.1;0.382;0.3;1;0.25;0.6;1.1;0.5;0.441;0.1;0.2;0.667;0.3;1.3;1.6;0.4;0.1;0;0.4;0.5;2
123;Kevon Looney;C;25;GSW;22;13;20.4;2.6;4;0.659;0;0;0;2.6;4;0.659;0.659;0.5;0.8;0.611;2.9;4.8;7.6;2.2;0.4;0.5;0.9;2.3;5.8
124;Brook Lopez;C;33;MIL;12;12;27.7;4.2;8.5;0.49;0.5;2.3;0.214;3.7;6.2;0.595;0.52;1.8;1.9;0.913;2.3;3.7;5.9;0.7;0.5;1.5;0.9;2.8;10.6
125;Kyle Lowry;PG;35;MIA;10;10;29.5;2.5;8.6;0.291;1.3;5.4;0.241;1.2;3.2;0.375;0.366;1.5;1.9;0.789;0.3;3.3;3.6;4.7;1.2;0.7;1.9;2.9;7.8
126;Timothé Luwawu-Cabarrot;SF;26;ATL;4;0;5.5;0.5;1;0.5;0.3;0.8;0.333;0.3;0.3;1;0.625;0;0;0;0;0.8;0.8;0.5;0;0;0.3;1.5;1.3
127;Boban Marjanovi?;C;33;DAL;3;0;2;0.3;1.3;0.25;0;0;0;0.3;1.3;0.25;0.25;0.7;0.7;1;0;1;1;0;0.3;0;0.7;0;1.3
128;Naji Marshall;SF;24;NOP;6;0;9.3;1.2;1.7;0.7;0;0;0;1.2;1.7;0.7;0.7;0.7;0.7;1;0.5;0.5;1;0.8;0.2;0.2;0.5;0.8;3
129;Caleb Martin;SF;26;MIA;17;0;12.3;1.9;4.7;0.4;0.6;1.9;0.303;1.3;2.8;0.468;0.463;0.1;0.4;0.333;0.7;1.5;2.2;0.3;0.6;0.1;0.6;1;4.5
130;Wesley Matthews;SG;35;MIL;12;12;28.8;2.1;5.3;0.391;1.5;3.8;0.4;0.6;1.6;0.368;0.531;0.5;0.8;0.667;0.8;2.3;3.1;1.2;0.8;0.3;0.5;2.3;6.2
131;Tyrese Maxey;PG;21;PHI;12;12;40.4;7.3;15.2;0.484;2.2;5.8;0.377;5.2;9.4;0.549;0.555;3.9;4.2;0.94;0.5;3;3.5;3.9;0.8;0.2;1.8;2;20.8
132;Skylar Mays;SG;24;ATL;2;0;4.5;0.5;0.5;1;0;0;0;0.5;0.5;1;1;0;0;0;0;0.5;0.5;0.5;0.5;0;0;0.5;1
133;CJ McCollum;SG;30;NOP;6;6;39;8.2;20.8;0.392;2.8;8.5;0.333;5.3;12.3;0.432;0.46;3;4.3;0.692;1.8;4.8;6.7;4.8;0.7;0.8;2.5;2.5;22.2
134;Jaden McDaniels;PF;21;MIN;6;0;21.7;3;5.7;0.529;1.7;3.3;0.5;1.3;2.3;0.571;0.676;1.7;2;0.833;0.8;2;2.8;0.7;0.3;1.8;1;3;9.3
135;JaVale McGee;C;34;PHO;12;0;11.1;2.9;4.2;0.7;0;0.1;0;2.9;4.1;0.714;0.7;0.9;1.1;0.846;1.3;2.7;4;0.6;0.3;0.4;0.8;2.3;6.8
136;Jordan McLaughlin;PG;25;MIN;5;0;16.6;2.4;3.4;0.706;0.8;1.4;0.571;1.6;2;0.8;0.824;0.6;0.8;0.75;0;2.4;2.4;3.4;1;0;0.4;1;6.2
137;De'Anthony Melton;SG;23;MEM;10;0;17;2.1;6.5;0.323;1.1;4.4;0.25;1;2.1;0.476;0.408;0.3;0.4;0.75;0.9;2.2;3.1;1.6;1;0.5;1.4;0.9;5.6
138;Khris Middleton;SF;30;MIL;2;2;36;5;12;0.417;3;7;0.429;2;5;0.4;0.542;1.5;1.5;1;0.5;4.5;5;7;1.5;0;5.5;3;14.5
139;Patty Mills;PG;33;BRK;4;0;18;2.3;4;0.563;1.8;3.3;0.538;0.5;0.8;0.667;0.781;0;0;0;0;1;1;0;0;0.3;0.3;1.3;6.3
140;Paul Millsap;PF;36;PHI;1;0;6;0;0;0;0;0;0;0;0;0;0;0;0;0;0;1;1;1;0;0;0;1;0
141;Shake Milton;PG;25;PHI;12;0;13.2;1.5;3.2;0.474;0.7;1.3;0.533;0.8;1.9;0.435;0.579;1.3;1.7;0.8;0.3;1.3;1.6;0.9;0.5;0.3;0.4;1.1;5
142;Donovan Mitchell;SG;25;UTA;6;6;38.2;8.8;22.2;0.398;1.7;8;0.208;7.2;14.2;0.506;0.436;6.2;7;0.881;1;3.3;4.3;5.7;0.7;0.5;2.7;2.3;25.5
143;Greg Monroe;C;31;MIN;2;0;3.5;1;2.5;0.4;0;0;0;1;2.5;0.4;0.4;0;0;0;0.5;0.5;1;0.5;1;0;0.5;0.5;2
144;Moses Moody;SG;19;GSW;13;0;8.1;1.2;2.2;0.536;0.5;1;0.538;0.6;1.2;0.533;0.661;0.3;0.5;0.667;0.2;0.5;0.6;0.3;0.2;0.2;0.2;0.3;3.2
145;Ja Morant;PG;22;MEM;9;9;37.6;9;20.4;0.44;1.9;5.6;0.34;7.1;14.9;0.478;0.486;7.2;9.7;0.747;1.4;6.6;8;9.8;2;0.4;3.6;2.4;27.1
146;Juwan Morgan;PF;24;BOS;9;0;1.7;0;0.1;0;0;0.1;0;0;0;0;0;0.1;0.2;0.5;0.2;0.1;0.3;0;0;0;0;0.1;0.1
147;Markieff Morris;PF;32;MIA;1;0;3;0;1;0;0;0;0;0;1;0;0;0;0;0;0;1;1;0;0;0;1;2;0
148;Monte Morris;PG;26;DEN;5;5;31.2;5;10.2;0.49;2.2;5.2;0.423;2.8;5;0.56;0.598;1.8;2.4;0.75;0.2;2;2.2;5.4;1.2;0;1.6;2.8;14
149;Trey Murphy III;SF;21;NOP;6;0;20;1.5;3.7;0.409;1.5;3.2;0.474;0;0.5;0;0.614;0.7;0.8;0.8;0.5;2;2.5;0.5;0.5;0.2;0.2;1.5;5.2
150;Svi Mykhailiuk;SF;24;TOR;3;0;1.7;0;0.7;0;0;0.7;0;0;0;0;0;0.3;0.3;1;0;0.3;0.3;0;0;0;0;0.3;0.3
151;Larry Nance Jr.;PF;29;NOP;6;0;21.7;3.7;6.5;0.564;0.3;1.5;0.222;3.3;5;0.667;0.59;1.5;1.8;0.818;3.2;2.7;5.8;1.8;0.5;0.3;1;2.5;9.2
152;Aaron Nesmith;SF;22;BOS;15;0;3.5;0.3;1.1;0.235;0.1;0.7;0.091;0.2;0.4;0.5;0.265;0.2;0.3;0.75;0.3;0.7;1;0.2;0.1;0.3;0.1;0.4;0.8
153;Georges Niang;PF;28;PHI;12;0;16.5;1.7;4;0.417;1.3;3.6;0.372;0.3;0.4;0.8;0.583;0.2;0.2;1;0.3;1.2;1.5;0.9;0.3;0;0.6;2.5;4.8
154;Zeke Nnaji;PF;21;DEN;2;0;4.5;0.5;0.5;1;0.5;0.5;1;0;0;0;1.5;0;0;0;0;0;0;0;0;0;0;1;1.5
155;Jaylen Nowell;SG;22;MIN;1;0;12;3;10;0.3;0;5;0;3;5;0.6;0.3;0;0;0;0;0;0;1;1;0;0;1;6
156;Frank Ntilikina;PG;23;DAL;12;0;10.4;0.7;2;0.333;0.5;1.7;0.3;0.2;0.3;0.5;0.458;0.1;0.1;1;0.2;0.8;1;0.8;0.7;0.1;0.5;1.6;1.9
157;Jordan Nwora;SF;23;MIL;8;0;2.5;0.3;1.1;0.222;0;0.5;0;0.3;0.6;0.4;0.222;0;0.3;0;0;0.4;0.4;0.3;0;0;0;0;0.5
158;Royce O'Neale;SF;28;UTA;6;6;31.3;2.3;5.8;0.4;1.2;4.2;0.28;1.2;1.7;0.7;0.5;0.3;0.3;1;1;4.7;5.7;1.5;0.5;0.2;0.5;2.7;6.2
159;Josh Okogie;SG;23;MIN;1;0;2;0;0;0;0;0;0;0;0;0;0;0;0;0;0;0;0;0;0;0;0;0;0
160;Onyeka Okongwu;C;21;ATL;5;1;21.6;1.8;3.2;0.563;0;0;0;1.8;3.2;0.563;0.563;1.6;2;0.8;2.2;3.2;5.4;0.4;0.8;0.8;0.8;3.8;5.2
161;Victor Oladipo;SG;29;MIA;15;1;24.5;3.3;9.1;0.368;1.1;4.1;0.274;2.2;4.9;0.446;0.43;2.8;3.5;0.792;0.3;3.1;3.4;2.1;1.3;0.3;1.7;1.9;10.6
162;Eric Paschall;PF;25;UTA;4;0;6;0.8;1.5;0.5;0.3;0.5;0.5;0.5;1;0.5;0.583;0.3;0.3;1;0.3;1;1.3;0;0.3;0;0;0.8;2
163;Chris Paul;PG;36;PHO;13;13;34.5;6.7;11.9;0.561;1.5;3.8;0.388;5.2;8.2;0.642;0.623;2.7;2.8;0.946;0.5;3.6;4.2;8.3;1.5;0.2;2.4;3.1;17.5
164;Cameron Payne;PG;27;PHO;13;0;13.2;1.7;5.7;0.297;0.4;2.3;0.167;1.3;3.4;0.386;0.331;0.4;0.5;0.833;0.2;1.4;1.5;2.1;0.5;0.1;1;1.9;4.2
165;Elfrid Payton;PG;27;PHO;2;0;4;1;1.5;0.667;0;0;0;1;1.5;0.667;0.667;0;0;0;0;0;0;1.5;0;0;0;0;2
166;Gary Payton II;PG;29;GSW;12;2;16.9;2.4;3.7;0.659;0.7;1.3;0.533;1.8;2.4;0.724;0.75;1;1.5;0.667;1.1;2;3.1;1.3;1.2;0.6;0.5;1.9;6.5
167;Jordan Poole;SG;22;GSW;22;5;27.5;5.9;11.5;0.508;2.3;5.8;0.391;3.6;5.7;0.627;0.606;3;3.2;0.915;0.5;2.4;2.8;3.8;0.8;0.4;2.4;2.8;17
168;Otto Porter Jr.;PF;28;GSW;19;3;19.5;2;4.1;0.494;1;2.5;0.404;1;1.6;0.633;0.617;0.4;0.5;0.778;0.6;2.8;3.4;1.8;0.9;0.3;0.6;1.8;5.4
169;Bobby Portis;C;26;MIL;12;5;24.8;4;9.6;0.417;1.2;3.9;0.298;2.8;5.7;0.5;0.478;1.4;1.8;0.773;2.1;7.9;10;0.8;0.4;0.3;1.3;2.2;10.6
170;Dwight Powell;C;30;DAL;18;18;13.8;1.2;1.9;0.629;0;0.1;0;1.2;1.8;0.667;0.629;0.8;1.3;0.609;0.9;1.7;2.6;0.2;0.2;0.3;0.5;2.2;3.2
171;Taurean Prince;PF;27;MIN;5;0;13;2;5.4;0.37;0.8;2.8;0.286;1.2;2.6;0.462;0.444;1.2;1.4;0.857;0.2;1.4;1.6;1.2;0.4;0.2;0.8;1;6
172;Payton Pritchard;SG;24;BOS;24;0;12.9;1.8;4.3;0.422;1;3;0.333;0.8;1.3;0.633;0.539;0.2;0.3;0.667;0.4;1.5;1.9;1.6;0.3;0.1;0.4;1;4.8
173;Paul Reed;C;22;PHI;12;0;11.7;1.6;3;0.528;0.2;0.3;0.667;1.4;2.8;0.515;0.556;0.3;0.6;0.571;1.8;2;3.8;0.8;0.8;0.5;0.8;2.4;3.7
174;Naz Reid;C;22;MIN;5;0;10.8;1.4;3.4;0.412;0.6;1.4;0.429;0.8;2;0.4;0.5;1.4;1.4;1;0.4;2.4;2.8;0;0.2;1.2;1;2.8;4.8
175;Austin Rivers;SG;29;DEN;5;0;21.6;1.6;3.6;0.444;0.8;2.4;0.333;0.8;1.2;0.667;0.556;0.2;0.2;1;0;0.6;0.6;1.2;1.4;0.2;0.8;3;4.2
176;Duncan Robinson;SG;27;MIA;13;0;12.2;1.9;4.4;0.439;1.4;3.6;0.383;0.5;0.8;0.7;0.596;0.4;0.5;0.833;0.2;1.6;1.8;0.4;0.3;0.1;0.2;1.7;5.6
177;D'Angelo Russell;PG;25;MIN;6;6;32.7;4;12;0.333;2;5.2;0.387;2;6.8;0.293;0.417;2;2.7;0.75;0;2.5;2.5;6.7;1.5;0;2.8;2.8;12
178;Landry Shamet;SG;24;PHO;12;0;16;1.6;4;0.396;0.8;2.2;0.346;0.8;1.8;0.455;0.49;0.4;0.6;0.714;0.3;1.4;1.7;1.3;0.5;0;0.6;0.8;4.3
179;Day'Ron Sharpe;PF;20;BRK;1;0;0;0;0;0;0;0;0;0;0;0;0;0;0;0;0;0;0;0;0;0;0;0;0
180;Pascal Siakam;PF;27;TOR;6;6;43.3;8.5;17.8;0.477;0.7;2.8;0.235;7.8;15;0.522;0.495;5.2;6;0.861;1.3;5.8;7.2;5.8;1.2;1;2.2;4;22.8
181;Marcus Smart;PG;27;BOS;21;21;36.2;5.4;13.3;0.405;2.3;6.5;0.35;3.1;6.8;0.458;0.491;2.4;3;0.806;1;3.6;4.5;5.9;1.2;0.2;2.5;3.4;15.4
182;Jaden Springer;SG;19;PHI;5;0;2.6;0.6;1.2;0.5;0;0.2;0;0.6;1;0.6;0.5;0;0;0;0;0.8;0.8;0.4;0;0;0;0.2;1.2
183;Nik Stauskas;SG;28;BOS;13;0;1.8;0.2;0.9;0.25;0.2;0.8;0.3;0;0.2;0;0.375;0.3;0.3;1;0;0.3;0.3;0.3;0;0;0;0;1
184;Max Strus;SF;25;MIA;18;18;29.1;3.8;10.1;0.374;2.6;7.9;0.331;1.2;2.2;0.525;0.503;0.7;1;0.722;0.8;3.2;4.1;2.1;0.8;0.4;1.1;3.1;10.9
185;Jayson Tatum;SF;23;BOS;24;24;41;8.4;19.7;0.426;3.2;8.2;0.393;5.2;11.5;0.449;0.507;5.7;7.1;0.8;1;5.7;6.7;6.2;1.2;0.9;4.2;3;25.6
186;Garrett Temple;SG;35;NOP;1;0;2;0;0;0;0;0;0;0;0;0;0;0;0;0;0;1;1;0;0;0;0;0;0
187;Daniel Theis;C;29;BOS;16;5;12.5;1.9;3.2;0.588;0.2;0.9;0.214;1.7;2.3;0.73;0.618;0.4;0.5;0.75;0.8;2.4;3.3;0.7;0.3;0.5;0.7;1.6;4.3
188;Cam Thomas;SG;20;BRK;1;0;0;0;0;0;0;0;0;0;0;0;0;0;0;0;0;0;0;0;0;0;0;0;0
189;Klay Thompson;SG;31;GSW;22;22;36;7.2;16.7;0.429;3.5;9.1;0.385;3.7;7.6;0.482;0.534;1.2;1.4;0.867;0.3;3.6;3.9;2.3;1.1;0.7;1.3;2.1;19
190;Tristan Thompson;PF;30;CHI;5;0;7.6;0.4;1;0.4;0;0;0;0.4;1;0.4;0.4;0;0;0;0.4;1.2;1.6;0.4;0.2;0;1;0.8;0.8
191;Matisse Thybulle;SG;24;PHI;9;0;15.2;1.2;2.7;0.458;0.4;1.6;0.286;0.8;1.1;0.7;0.542;0.1;0.3;0.333;0.2;0.8;1;0.4;0.8;0.8;0.2;1.7;3
192;Xavier Tillman Sr.;PF;23;MEM;9;6;15.4;2;2.8;0.72;0.1;0.2;0.5;1.9;2.6;0.739;0.74;0.3;0.7;0.5;1.4;1.9;3.3;0.7;0.7;0.1;1.1;1.8;4.4
193;Juan Toscano-Anderson;SF;28;GSW;14;0;3.5;0.3;0.7;0.4;0.1;0.4;0.4;0.1;0.4;0.4;0.5;0.1;0.2;0.333;0;0.7;0.7;0.6;0.1;0.1;0.6;0.2;0.8
194;Karl-Anthony Towns;C;26;MIN;6;6;37;6.5;13.3;0.488;1.7;3.7;0.455;4.8;9.7;0.5;0.55;7.2;8.3;0.86;1.8;9;10.8;2.2;0.7;2;4.5;4.2;21.8
195;Gary Trent Jr.;SG;23;TOR;6;6;33.2;5.2;13.7;0.378;2.2;6.5;0.333;3;7.2;0.419;0.457;2.8;3.2;0.895;0.2;1.5;1.7;1.3;1;0.5;0.5;1.8;15.3
196;P.J. Tucker;PF;36;MIA;18;18;28.3;3;6.1;0.495;1.3;2.8;0.451;1.7;3.2;0.534;0.601;0.6;0.9;0.688;1.9;3.7;5.7;1.8;0.8;0.3;0.7;2.8;7.9
197;Rayjon Tucker;SG;24;MIL;8;0;2.4;0.1;0.4;0.333;0;0.1;0;0.1;0.3;0.5;0.333;0;0;0;0.1;0.3;0.4;0;0;0;0;0.3;0.3
198;Jonas Valan?i?nas;C;29;NOP;6;6;29.2;5.5;11.3;0.485;0.2;1;0.167;5.3;10.3;0.516;0.493;3.3;4.3;0.769;5.5;8.8;14.3;3;0.7;0.2;2;2.8;14.5
199;Jarred Vanderbilt;PF;22;MIN;6;6;21.5;2.2;4.5;0.481;0;0;0;2.2;4.5;0.481;0.481;1.2;1.7;0.7;2;5.2;7.2;0.7;1.2;0.3;0.8;2.7;5.5
200;Fred VanVleet;PG;27;TOR;4;4;35;4.8;13.5;0.352;3;9;0.333;1.8;4.5;0.389;0.463;1.3;1.5;0.833;0.5;2.5;3;6.3;1.8;1;1;3;13.8
201;Luca Vildoza;PG;26;MIL;7;0;2.4;0.3;0.9;0.333;0.1;0.7;0.2;0.1;0.1;1;0.417;0;0;0;0.1;0.1;0.3;0.6;0.3;0;0;0.3;0.7
202;Gabe Vincent;PG;25;MIA;18;8;23.5;2.8;7.3;0.382;1.4;4.5;0.309;1.4;2.8;0.5;0.477;1.1;1.1;0.95;0.2;1.8;1.9;3.2;0.8;0.3;1.4;2.3;8
203;Nikola Vu?evi?;C;31;CHI;5;5;36.2;8;18.2;0.44;2.6;8.4;0.31;5.4;9.8;0.551;0.511;0.8;1;0.8;2.8;9.6;12.4;3.2;0.4;1.2;1.6;2.8;19.4
204;Ish Wainright;PF;27;PHO;7;0;3.7;0.7;1.7;0.417;0.4;0.9;0.5;0.3;0.9;0.333;0.542;0;0;0;1;0.6;1.6;0.1;0.1;0.1;0.4;0.3;1.9
205;Yuta Watanabe;SF;27;TOR;4;0;2.5;0.5;1.5;0.333;0;0.3;0;0.5;1.3;0.4;0.333;0;0;0;0;0;0;0;0;0;0.3;0;1
206;Coby White;PG;21;CHI;5;0;19.6;3;9;0.333;1.6;5.8;0.276;1.4;3.2;0.438;0.422;0.8;1;0.8;0;3.4;3.4;1.8;0.2;0;1.2;1;8.4
207;Derrick White;SG;27;BOS;23;3;25.4;2.8;7.7;0.364;1.1;3.6;0.313;1.7;4;0.409;0.438;1.8;2.2;0.824;0.3;2.7;3;2.7;0.9;0.6;1.3;2;8.5
208;Hassan Whiteside;C;32;UTA;6;0;10.8;0.8;2;0.417;0;0;0;0.8;2;0.417;0.417;0.2;0.7;0.25;1.3;3.8;5.2;0;0.3;1.3;0;1.5;1.8
209;Andrew Wiggins;SF;26;GSW;22;22;34.9;6.5;13.9;0.469;1.6;4.8;0.333;4.9;9.1;0.54;0.526;1.9;3;0.646;2.5;5;7.5;1.8;1;1;1.4;2.5;16.5
210;Grant Williams;PF;23;BOS;24;5;27.3;2.7;6.3;0.433;1.5;3.7;0.393;1.3;2.5;0.492;0.55;1.8;2.2;0.808;1;2.8;3.8;0.8;0.3;0.8;0.8;3.5;8.6
211;Patrick Williams;PF;20;CHI;5;5;30.6;4.4;9.4;0.468;1.4;4.2;0.333;3;5.2;0.577;0.543;1.6;2.2;0.727;1.2;4.2;5.4;0.8;1;0.6;1.4;3;11.8
212;Robert Williams;C;24;BOS;17;15;23.2;3.1;4.6;0.679;0;0.1;0;3.1;4.5;0.688;0.679;1.5;1.6;0.893;2.5;3.6;6.2;1;0.7;2.2;0.6;2;7.7
213;Ziaire Williams;SF;20;MEM;10;1;16.8;2.3;5.2;0.442;1.1;3.6;0.306;1.2;1.6;0.75;0.548;1.2;1.3;0.923;0.4;1.2;1.6;0.5;0.5;0;0.2;1.4;6.9
214;Delon Wright;SG;29;ATL;5;0;27.4;3;5.8;0.517;1;2.6;0.385;2;3.2;0.625;0.603;1.2;1.8;0.667;2.2;2.6;4.8;2.8;0.8;0.2;1;0.4;8.2
215;Thaddeus Young;PF;33;TOR;6;0;14.5;1.5;3;0.5;0.2;1.2;0.143;1.3;1.8;0.727;0.528;0.2;0.7;0.25;1.2;1.8;3;1.7;0.8;0.2;0.5;1.3;3.3
216;Trae Young;PG;23;ATL;5;5;37.2;4.4;13.8;0.319;1.4;7.6;0.184;3;6.2;0.484;0.37;5.2;6.6;0.788;1;4;5;6;0.6;0;6.2;2.6;15.4
217;Omer Yurtseven;C;23;MIA;9;0;4.2;1.3;2;0.667;0;0.2;0;1.3;1.8;0.75;0.667;0.1;0.3;0.333;0.1;0.7;0.8;0.3;0;0.1;0;0.2;2.8
1;Bam Adebayo;C;25;MIA;23;23;37;7.3;15.1;0.481;0;0.1;0;7.3;15;0.485;0.481;3.4;4.1;0.821;2.7;7.1;9.9;3.7;0.9;0.7;2.7;3.1;17.9
2;Santi Aldama;PF;22;MEM;6;0;16.8;2.5;5.5;0.455;1.2;2.5;0.467;1.3;3;0.444;0.561;0.3;0.3;1;1.2;3.2;4.3;1.2;0.5;0;0.3;0.8;6.5
3;Nickeil Alexander-Walker;SG;24;MIN;5;4;29.6;3;7;0.429;2;5;0.4;1;2;0.5;0.571;0.4;0.6;0.667;0.2;1.8;2;1.4;0.6;0.2;0.8;1.8;8.4
4;Grayson Allen;SG;27;MIL;5;5;29.8;3.8;8.2;0.463;2.8;5.8;0.483;1;2.4;0.417;0.634;1.2;1.4;0.857;0.2;2.2;2.4;1.8;0.4;0;0.8;1.4;11.6
5;Jarrett Allen;C;24;CLE;5;5;38.2;4.4;7.2;0.611;0;0;0;4.4;7.2;0.611;0.611;0.6;1.2;0.5;3;4.4;7.4;2.4;0.8;1;0.6;2;9.4
6;Kyle Anderson;PF;29;MIN;4;0;26;3.8;7.5;0.5;0.5;1.5;0.333;3.3;6;0.542;0.533;0.5;0.5;1;0.8;3.3;4;4.5;1.8;0.5;1.5;3.3;8.5
7;Giannis Antetokounmpo;PF;28;MIL;3;3;30.3;9.3;17.7;0.528;0;1;0;9.3;16.7;0.56;0.528;4.7;10.3;0.452;2.7;8.3;11;5.3;0.3;0.7;4.7;3;23.3
8;Thanasis Antetokounmpo;PF;30;MIL;2;0;2.5;0;0;0;0;0;0;0;0;0;0;0;0;0;0;0;0;0;0;0;0;0;0
9;Deandre Ayton;C;24;PHO;10;10;31.9;6.1;11.1;0.55;0;0;0;6.1;11.1;0.55;0.55;1.2;2.3;0.522;2.9;6.8;9.7;1;0.6;0.7;1.7;3.5;13.4
10;Patrick Baldwin Jr.;SF;20;GSW;3;0;3.7;0;1;0;0;1;0;0;0;0;0;0;0;0;0;1;1;0.3;0;0;0;0;0
11;Mo Bamba;C;24;LAL;3;0;3.3;0;0.7;0;0;0.3;0;0;0.3;0;0;0;0;0;0;1;1;0.3;0;0.3;0;0;0
12;Desmond Bane;SG;24;MEM;6;6;38.5;8.2;19.3;0.422;2.7;8.3;0.32;5.5;11;0.5;0.491;4.5;4.8;0.931;1.2;4.8;6;3.2;0.5;0;2.8;3.2;23.5
13;Harrison Barnes;PF;30;SAC;7;7;28;3.6;8.6;0.417;0.9;3.6;0.24;2.7;5;0.543;0.467;2.7;3.7;0.731;1.4;2;3.4;0.7;1.1;0.3;0.4;0.7;10.7
14;RJ Barrett;SG;22;NYK;11;11;34.3;6.5;14.9;0.433;1.8;5.5;0.328;4.6;9.4;0.495;0.494;4.5;5.9;0.769;0.5;4;4.5;2.8;0.8;0.2;2.3;2.3;19.3
15;Nicolas Batum;PF;34;LAC;5;3;18.4;1.6;3.8;0.421;1.2;3.4;0.353;0.4;0.4;1;0.579;0;0;0;0.2;2;2.2;1.2;0.4;0.4;0.4;2;4.4
16;Malik Beasley;SG;26;LAL;11;0;8.3;0.9;3.1;0.294;0.6;2.4;0.269;0.3;0.7;0.375;0.397;0.5;0.5;1;0.3;0.5;0.7;0.2;0.1;0;0.2;0.5;3
17;MarJon Beauchamp;SF;22;MIL;2;0;2.5;1;1.5;0.667;0.5;0.5;1;0.5;1;0.5;0.833;0;0;0;0;0.5;0.5;0;0;0;0;0;2.5
18;Saddiq Bey;SF;23;ATL;6;0;22.2;2.5;6.7;0.375;1.2;3;0.389;1.3;3.7;0.364;0.463;1.3;1.5;0.889;1.2;2.8;4;1;0.5;0;0.3;0.5;7.5
19;Bismack Biyombo;C;30;PHO;8;0;9.8;1.1;2;0.563;0;0;0;1.1;2;0.563;0.563;1.1;2.3;0.5;1.3;2.1;3.4;0.8;0;1.3;0.8;2.3;3.4
20;Bogdan Bogdanovi?;SG;30;ATL;6;1;26.2;5;9;0.556;2.5;5.5;0.455;2.5;3.5;0.714;0.694;0.8;1.2;0.714;0.3;2.7;3;2.5;1;0.8;0.5;2.7;13.3
21;Devin Booker;SG;26;PHO;11;11;41.7;12.8;21.9;0.585;2.8;5.5;0.508;10;16.4;0.611;0.649;5.3;6.1;0.866;1.1;3.7;4.8;7.2;1.7;0.8;2.9;3.4;33.7
22;Brandon Boston Jr.;SF;21;LAC;1;0;1;0;0;0;0;0;0;0;0;0;0;0;0;0;0;0;0;0;0;0;1;0;0
23;Christian Braun;SG;21;DEN;19;0;13;1.3;2.4;0.533;0.1;0.5;0.2;1.2;1.8;0.629;0.556;0.6;1;0.579;0.6;1.4;2.1;0.6;0.6;0.2;0.5;1.5;3.2
24;Mikal Bridges;SG;26;BRK;4;4;39.3;8.3;19.3;0.429;2.5;6.3;0.4;5.8;13;0.442;0.494;4.5;5.8;0.783;0.5;4.8;5.3;4;0.5;0.5;2;1.3;23.5
25;Malcolm Brogdon;PG;30;BOS;19;0;24.9;4.3;10.3;0.418;1.7;4.6;0.379;2.6;5.7;0.45;0.503;1.5;1.8;0.829;0.7;2.8;3.5;2.9;0.2;0.3;1;1.5;11.9
26;Dillon Brooks;SF;27;MEM;6;6;27.8;4;12.8;0.312;1.7;7;0.238;2.3;5.8;0.4;0.377;0.8;1.2;0.714;0.5;2.5;3;1.8;0.2;0;1.2;3.3;10.5
27;Bruce Brown;SF;26;DEN;20;0;26.5;4.5;8.8;0.511;0.9;2.9;0.316;3.6;6;0.605;0.563;2.1;2.5;0.857;0.8;3.3;4;1.9;1.1;0.5;1.2;2.5;12
28;Jaylen Brown;SF;26;BOS;20;20;37.6;9.1;18.3;0.496;2;5.7;0.354;7.1;12.6;0.56;0.551;2.6;3.7;0.689;1.3;4.4;5.6;3.4;1.1;0.4;3.3;3.1;22.7
29;Troy Brown Jr.;SF;23;LAL;12;0;10.3;0.8;2.3;0.357;0.2;1.3;0.133;0.7;1.1;0.615;0.393;0;0;0;0.3;1.7;2;0.9;0.2;0.1;0;0.3;1.8
30;Jalen Brunson;PG;26;NYK;11;11;40.3;9.9;20.9;0.474;2.4;7.3;0.325;7.5;13.6;0.553;0.53;5.6;6.2;0.912;0.8;4.1;4.9;5.6;1.5;0.1;2.1;2.4;27.8
31;Thomas Bryant;C;25;DEN;1;0;0;0;0;0;0;0;0;0;0;0;0;0;0;0;0;0;0;0;0;0;0;0;0
32;Jimmy Butler;PF;33;MIA;22;22;39.7;9.4;20.1;0.468;1.3;3.5;0.359;8.1;16.5;0.492;0.5;6.8;8.5;0.806;2.1;4.3;6.5;5.9;1.8;0.6;1.9;1.7;26.9
33;Kentavious Caldwell-Pope;SG;29;DEN;20;20;33.6;3.7;8.1;0.457;1.8;4.6;0.38;2;3.5;0.557;0.565;1.5;1.8;0.829;0.7;2.6;3.3;1.6;1.3;0.7;0.8;2.4;10.6
34;Vlatko ?an?ar;PF;25;DEN;5;0;2;0;1;0;0;0.8;0;0;0.2;0;0;0;0;0;0;0.6;0.6;0.2;0;0;0;0;0
35;Clint Capela;C;28;ATL;6;6;25.2;3.8;6.3;0.605;0;0;0;3.8;6.3;0.605;0.605;0.7;1;0.667;2.5;5.8;8.3;0.5;1;0.5;0.7;0.8;8.3
36;Jevon Carter;PG;27;MIL;4;0;12.3;0.5;2.3;0.222;0.3;1.8;0.143;0.3;0.5;0.5;0.278;0;0;0;0;1;1;1;0.3;0;0;0.3;1.3
37;Justin Champagnie;SF;21;BOS;4;0;2.5;0.3;1;0.25;0;0.8;0;0.3;0.3;1;0.25;0;0;0;0;0;0;0;0;0;0;0.5;0.5
38;Max Christie;SG;19;LAL;9;0;3.7;0.6;1.1;0.5;0.1;0.4;0.25;0.4;0.7;0.667;0.55;0.2;0.4;0.5;0.1;0.7;0.8;0.3;0;0.1;0;0;1.4
39;Nic Claxton;C;23;BRK;4;4;29.3;4.5;6.3;0.72;0;0;0;4.5;6.3;0.72;0.72;1.5;2.5;0.6;1.3;6.8;8;1.5;0.3;1.8;0.8;2;10.5
40;Amir Coffey;SF;25;LAC;1;0;1;0;0;0;0;0;0;0;0;0;0;0;0;0;0;0;0;0;0;0;0;0;0
41;John Collins;PF;25;ATL;6;6;27.3;4.3;10;0.433;1.8;5.3;0.344;2.5;4.7;0.536;0.525;0.8;1;0.833;1.2;3.2;4.3;0.8;0.3;1;1.5;2.2;11.3
42;Mike Conley;PG;35;MIN;5;5;36.6;4;8.4;0.476;2;4.4;0.455;2;4;0.5;0.595;2;2.2;0.909;0.4;2.2;2.6;6.4;0.6;0;1.4;2.2;12
43;Pat Connaughton;SF;30;MIL;4;0;22;4.3;7.5;0.567;2.8;5.8;0.478;1.5;1.8;0.857;0.75;0.8;1;0.75;1;4;5;1.8;1;0.3;0.5;2.5;12
44;Robert Covington;PF;32;LAC;2;0;6;0;1.5;0;0;1;0;0;0.5;0;0;0;0;0;0;1;1;1;0;0.5;0;1;0
45;Torrey Craig;PF;32;PHO;11;5;16.6;2.4;4.1;0.578;1;2.3;0.44;1.4;1.8;0.75;0.7;0.7;0.8;0.889;0.6;1.6;2.3;0.5;0.5;0.2;0.3;2.1;6.5
46;Jae Crowder;PF;32;MIL;4;0;10.3;0.8;3.3;0.231;0;1.5;0;0.8;1.8;0.429;0.231;0.3;0.5;0.5;0.3;0.8;1;0.8;0.5;0;0.3;1.3;1.8
47;Seth Curry;SG;32;BRK;3;0;19.3;3.3;6.3;0.526;1;3;0.333;2.3;3.3;0.7;0.605;0.7;1;0.667;0;1;1;2;0;0;0.3;0.7;8.3
48;Stephen Curry;PG;34;GSW;13;13;37.9;11.2;23.9;0.466;4.4;12.1;0.363;6.8;11.8;0.571;0.558;3.8;4.5;0.845;0.7;4.5;5.2;6.1;1;0.5;3.2;2.6;30.5
49;Anthony Davis;C;29;LAL;16;16;38;8.3;15.9;0.52;0.3;0.9;0.333;7.9;14.9;0.531;0.53;5.8;6.8;0.852;2.4;11.7;14.1;2.6;1.4;3.1;2.1;2.9;22.6
50;Terence Davis;SG;25;SAC;4;0;14.5;2;5;0.4;1.5;4.3;0.353;0.5;0.8;0.667;0.55;0.5;0.5;1;0.5;1.8;2.3;1.5;0.3;0;0.5;3;6
51;Dewayne Dedmon;C;33;PHI;1;0;5;0;1;0;0;1;0;0;0;0;0;0;0;0;0;1;1;0;0;0;1;1;0
52;Spencer Dinwiddie;PG;29;BRK;4;4;39.8;5.5;12.8;0.431;1.8;4.5;0.389;3.8;8.3;0.455;0.5;3.8;5.5;0.682;0.3;3;3.3;6.5;1.3;0.3;3;1.8;16.5
53;Donte DiVincenzo;SG;26;GSW;13;1;18.1;1.8;4.9;0.375;1.2;3.4;0.341;0.7;1.5;0.45;0.492;0.6;0.9;0.667;0.8;2.2;3;2.8;0.8;0.2;1.3;1.5;5.5
54;PJ Dozier;SF;26;SAC;3;0;2;1;2;0.5;0.7;1.3;0.5;0.3;0.7;0.5;0.667;0;0;0;0.3;0.3;0.7;0;0;0;0;0;2.7
55;Goran Dragi?;PG;36;MIL;2;0;3.5;0;1;0;0;0.5;0;0;0.5;0;0;2;2;1;0;0;0;0.5;0;0;0;0;2
56;David Duke Jr.;SG;23;BRK;1;0;5;1;3;0.333;0;1;0;1;2;0.5;0.333;0;0;0;0;0;0;0;0;0;1;1;2
57;Kevin Durant;PF;34;PHO;11;11;42.4;9.7;20.4;0.478;1.5;4.6;0.333;8.2;15.7;0.52;0.516;8;8.7;0.917;0.6;8.1;8.7;5.5;0.8;1.4;3.5;2.6;29
58;Anthony Edwards;SG;21;MIN;5;5;39.8;11;22.8;0.482;3;8.6;0.349;8;14.2;0.563;0.548;6.6;7.8;0.846;0.6;4.4;5;5.2;1.8;2;1.6;2.6;31.6
59;Kessler Edwards;SF;22;SAC;6;0;1.2;0;0;0;0;0;0;0;0;0;0;0;0;0;0;0.2;0.2;0;0;0;0;0;0
60;Joel Embiid;C;28;PHI;9;9;37.3;7.3;17;0.431;0.6;3.1;0.179;6.8;13.9;0.488;0.448;8.4;9.3;0.905;1.8;8;9.8;2.7;0.7;2.8;3.9;3;23.7
61;Dorian Finney-Smith;PF;29;BRK;4;4;25.3;2.3;5.8;0.391;1.8;4.3;0.412;0.5;1.5;0.333;0.543;0;0;0;1.5;3;4.5;0.8;0.8;0.5;1.3;1.8;6.3
62;De'Aaron Fox;PG;25;SAC;7;7;38.6;10;23.6;0.424;3;9;0.333;7;14.6;0.48;0.488;4.4;5.9;0.756;1.7;3.7;5.4;7.7;2.1;0.6;4;3.3;27.4
63;Wenyen Gabriel;C;25;LAL;10;0;3.7;0.4;1;0.4;0;0;0;0.4;1;0.4;0.4;0.2;0.3;0.667;0.8;0.1;0.9;0;0.2;0.3;0.2;0.8;1
64;Darius Garland;PG;23;CLE;5;5;37.8;7;16;0.438;2.4;6.2;0.387;4.6;9.8;0.469;0.513;4.2;5;0.84;0;1.8;1.8;5;1.6;0.2;3.6;3.4;20.6
65;Rudy Gobert;C;30;MIN;5;5;35.4;5.8;9.2;0.63;0;0;0;5.8;9.2;0.63;0.63;3.4;5.4;0.63;3.6;8.6;12.2;2;0.4;1;1.6;4.8;15
66;Aaron Gordon;PF;27;DEN;20;20;35.7;5.1;9.8;0.518;0.9;2.3;0.391;4.2;7.5;0.557;0.564;2.3;3.5;0.652;2.5;3.6;6;2.6;0.6;0.7;1;2.9;13.3
67;Eric Gordon;SG;34;LAC;5;5;29.8;3.6;8.8;0.409;2;5.8;0.345;1.6;3;0.533;0.523;1;1.2;0.833;0.2;1.2;1.4;2.6;0.6;0.4;0.8;2.4;10.2
68;Danny Green;SG;35;CLE;4;0;10;0.3;1.3;0.2;0.3;1;0.25;0;0.3;0;0.3;0;0;0;0.5;1.3;1.8;0.3;0.5;0.3;0.5;1.8;0.8
69;Draymond Green;PF;32;GSW;12;9;30.6;3.5;7.6;0.462;0.4;1.7;0.25;3.1;5.9;0.521;0.489;2;2.8;0.727;1.6;5.3;6.9;6.8;1.5;1;2.3;4;9.4
70;JaMychal Green;PF;32;GSW;7;2;7;1.3;3.3;0.391;0.7;2.6;0.278;0.6;0.7;0.8;0.5;0;0;0;0;0.7;0.7;0.4;0;0.1;0.3;1.4;3.3
71;Jeff Green;PF;36;DEN;20;0;17.2;1.4;3.1;0.452;0.5;1.4;0.321;1;1.7;0.559;0.524;0.9;1;0.895;0.3;1.3;1.6;0.7;0.3;0.4;0.5;2.2;4.1
72;Blake Griffin;C;33;BOS;1;0;6;0;1;0;0;0;0;0;1;0;0;0;0;0;1;1;2;0;0;0;0;2;0
73;Quentin Grimes;SG;22;NYK;9;6;26.9;1.6;5.1;0.304;1;4.1;0.243;0.6;1;0.556;0.402;1;1.2;0.818;0.3;2.4;2.8;1.4;1;0.6;1.1;1.9;5.1
74;Rui Hachimura;PF;24;LAL;16;1;24.3;4.6;8.2;0.557;1.2;2.4;0.487;3.4;5.8;0.587;0.63;1.9;2.1;0.882;0.6;3.1;3.6;0.6;0.5;0.3;0.6;1.6;12.2
75;James Harden;PG;33;PHI;11;11;38.8;6.5;16.6;0.393;2.8;7.5;0.378;3.7;9.2;0.406;0.478;4.4;5;0.873;0.5;5.6;6.2;8.3;1.8;0.4;3.2;2.5;20.3
76;Montrezl Harrell;C;29;PHI;2;0;3.5;0;1.5;0;0;0;0;0;1.5;0;0;0;0;0;0;0.5;0.5;0;0;0;0;0;0
77;Joe Harris;SF;31;BRK;4;0;11;0.5;3.3;0.154;0.3;3;0.083;0.3;0.3;1;0.192;0.5;0.5;1;0;1.3;1.3;0;0.5;0;0.8;1.3;1.8
78;Tobias Harris;SF;30;PHI;11;11;35.6;6.4;12.2;0.522;1.4;3.7;0.366;5;8.5;0.591;0.578;1.2;1.4;0.867;1.5;5.7;7.3;1.6;0.6;0.5;0.7;2.5;15.3
79;Shaquille Harrison;SG;29;LAL;8;0;3.5;0.5;0.9;0.571;0.1;0.1;1;0.4;0.8;0.5;0.643;0.1;0.3;0.5;0;0.4;0.4;1.1;0.3;0;0;0.4;1.3
80;Josh Hart;SF;27;NYK;11;5;32.1;4.1;8.5;0.479;0.9;2.9;0.313;3.2;5.6;0.565;0.532;1.3;2;0.636;1.6;5.7;7.4;2.2;0.8;0.3;1.9;3.5;10.4
81;Isaiah Hartenstein;C;24;NYK;11;0;20;1;2.1;0.478;0;0;0;1;2.1;0.478;0.478;1.1;1.5;0.75;2.1;2.5;4.6;1.3;0.8;1.4;0.5;2.6;3.1
82;Udonis Haslem;C;42;MIA;2;0;1.5;0;1.5;0;0;0.5;0;0;1;0;0;0;0;0;0;0.5;0.5;0;0;0;0;0;0
83;Sam Hauser;SF;25;BOS;15;0;6.9;0.7;1.9;0.345;0.5;1.6;0.333;0.1;0.3;0.4;0.483;0.1;0.1;1;0.3;0.8;1.1;0.3;0.1;0.1;0;0.5;2
84;Tyler Herro;SG;23;MIA;1;1;19;5;9;0.556;2;4;0.5;3;5;0.6;0.667;0;0;0;0;2;2;2;0;1;1;1;12
85;Haywood Highsmith;PF;26;MIA;18;0;8.9;1.3;2.2;0.615;0.4;0.9;0.5;0.9;1.3;0.696;0.718;0.2;0.3;0.8;0.6;0.8;1.3;0.3;0.6;0.1;0.1;1.1;3.3
86;Aaron Holiday;PG;26;ATL;1;0;4;0;0;0;0;0;0;0;0;0;0;0;0;0;0;0;0;1;0;0;1;0;0
87;Jrue Holiday;PG;32;MIL;5;5;38.2;6.8;17;0.4;2.4;8.4;0.286;4.4;8.6;0.512;0.471;1.8;2.6;0.692;0.8;5.8;6.6;8;1;0.4;2.4;2.4;17.8
88;Al Horford;C;36;BOS;20;20;30.9;2.6;6.6;0.386;1.4;4.7;0.298;1.2;1.9;0.605;0.492;0.2;0.2;0.75;1.5;5.7;7.2;3;1.1;1.7;0.6;2.4;6.7
89;Danuel House Jr.;SF;29;PHI;7;0;6;1.3;3;0.429;0.1;1.4;0.1;1.1;1.6;0.727;0.452;0.1;0.1;1;0;1.7;1.7;0.1;0;0;0.1;0.6;2.9
90;Kevin Huerter;SG;24;SAC;7;7;26.1;3.6;10.3;0.347;1.1;5.6;0.205;2.4;4.7;0.515;0.403;0.9;1.1;0.75;0.1;4.3;4.4;1.1;0.4;1.3;0.6;3.3;9.1
91;De'Andre Hunter;SF;25;ATL;6;6;37.3;6.5;14.2;0.459;2.3;6.3;0.368;4.2;7.8;0.532;0.541;1.3;1.7;0.8;1.2;4.5;5.7;1.2;0.7;0.3;1.5;3.3;16.7
92;Bones Hyland;PG;22;LAC;5;0;16.4;3;8.8;0.341;1;4;0.25;2;4.8;0.417;0.398;1.6;2;0.8;0.2;0.6;0.8;0.8;0.8;0.2;0.8;1.8;8.6
93;Joe Ingles;SF;35;MIL;5;0;17.8;2.4;4.6;0.522;2;4;0.5;0.4;0.6;0.667;0.739;0;0;0;0.2;1;1.2;2;0.6;0.2;1.2;1.4;6.8
94;Jaren Jackson Jr.;C;23;MEM;6;6;36.7;5.8;13.8;0.422;1.2;4.2;0.28;4.7;9.7;0.483;0.464;5.2;6;0.861;3.3;4.5;7.8;1.5;1;2;3;4;18
95;Reggie Jackson;PG;32;DEN;6;0;3;0.2;0.3;0.5;0.2;0.3;0.5;0;0;0;0.75;0;0;0;0;0.3;0.3;0.3;0.2;0;0.2;0;0.5
96;LeBron James;PF;38;LAL;16;16;38.7;9.2;18.4;0.498;1.8;6.6;0.264;7.4;11.8;0.63;0.546;4.4;5.8;0.761;1.6;8.3;9.9;6.5;1.1;1.1;2.5;1.8;24.5
97;DaQuan Jeffries;SG;25;NYK;2;0;2.5;0;0;0;0;0;0;0;0;0;0;0;0;0;0;0;0;0;0;0;0;1;0
98;Cameron Johnson;PF;26;BRK;4;4;38;7;13.8;0.509;3;7;0.429;4;6.8;0.593;0.618;1.5;1.8;0.857;0.8;5;5.8;2.8;0.8;0.3;1.3;2.5;18.5
99;Jalen Johnson;SF;21;ATL;6;0;9.3;1.7;4;0.417;0.7;1.8;0.364;1;2.2;0.462;0.5;0.3;0.3;1;0.3;2.2;2.5;1.3;0.5;0;0.8;0.8;4.3
100;Nikola Joki?;C;27;DEN;20;20;39.5;11.4;20.7;0.548;1.8;3.8;0.461;9.6;16.9;0.568;0.591;5.6;7;0.799;3.5;10;13.5;9.5;1.1;1;3.5;3.5;30
101;Tyus Jones;PG;26;MEM;6;1;20;1.8;6;0.306;0.5;3.2;0.158;1.3;2.8;0.471;0.347;0.3;0.5;0.667;0.5;2.5;3;3.7;1.3;0;1.3;0.8;4.5
102;DeAndre Jordan;C;34;DEN;4;0;3.5;0.5;0.8;0.667;0;0;0;0.5;0.8;0.667;0.667;0.3;0.5;0.5;0;1;1;0.3;0;0.3;0.5;0.5;1.3
103;Nikola Jovi?;PF;19;MIA;7;0;1.9;0.1;0.6;0.25;0;0.3;0;0.1;0.3;0.5;0.25;0;0;0;0.1;0.6;0.7;0;0;0;0;0;0.3
104;Luke Kennard;SG;26;MEM;5;0;21.4;2.4;4.6;0.522;1.6;3.2;0.5;0.8;1.4;0.571;0.696;0.8;0.8;1;1;3;4;1.4;0.8;0;0.2;1.6;7.2
105;Nathan Knight;C;25;MIN;2;0;2.5;0.5;2;0.25;0;1;0;0.5;1;0.5;0.25;0;0;0;0.5;0;0.5;0;0;0;0.5;0;1
106;John Konchar;SF;26;MEM;5;0;9.8;0.4;1.8;0.222;0;0.8;0;0.4;1;0.4;0.222;0;0;0;0.8;1.2;2;0.8;0.4;0.4;0.2;1.2;0.8
107;Furkan Korkmaz;SG;25;PHI;3;0;3.7;0;0.7;0;0;0.3;0;0;0.3;0;0;0.7;0.7;1;0;0.3;0.3;0.3;0;0;0.3;0;0.7
108;Luke Kornet;C;27;BOS;8;0;4;0.9;1;0.875;0.1;0.1;1;0.8;0.9;0.857;0.938;0.3;0.3;1;0.6;0.6;1.3;0;0;0.1;0;0.3;2.1
109;Jonathan Kuminga;PF;20;GSW;10;0;6.1;1.3;2.4;0.542;0.3;0.7;0.429;1;1.7;0.588;0.604;0.5;0.9;0.556;0.4;0.5;0.9;0.5;0.2;0;0.4;0.5;3.4
110;Anthony Lamb;SF;25;GSW;6;0;5.2;0.3;0.8;0.4;0.2;0.7;0.25;0.2;0.2;1;0.5;0;0;0;0.2;0.8;1;0;0.2;0.2;0.3;0.5;0.8
111;Jock Landale;C;27;PHO;7;1;16.1;2.4;3.9;0.63;0;0.1;0;2.4;3.7;0.654;0.63;1.3;2;0.643;1.4;2.6;4;0.4;0.4;0.4;0.3;2.1;6.1
112;Damion Lee;SG;30;PHO;8;0;11.1;0.8;2.5;0.3;0.4;1.9;0.2;0.4;0.6;0.6;0.375;0.3;0.3;1;0.5;0.9;1.4;0.6;0.3;0;0.1;1;2.1
113;Alex Len;C;29;SAC;7;0;7.7;1;1.3;0.778;0;0;0;1;1.3;0.778;0.778;0.7;0.9;0.833;1;1.9;2.9;0.1;0;0.4;1;2.1;2.7
114;Kawhi Leonard;SF;31;LAC;2;2;40;12;22;0.545;3;5;0.6;9;17;0.529;0.614;7.5;8.5;0.882;1.5;5;6.5;6;2;0.5;3;2.5;34.5
115;Meyers Leonard;C;30;MIL;2;0;2.5;0;0.5;0;0;0;0;0;0.5;0;0;0;0;0;0;0.5;0.5;0;0;0;0;0;0
116;Caris LeVert;SG;28;CLE;5;3;34;5.4;12.6;0.429;2.6;7.2;0.361;2.8;5.4;0.519;0.532;1.6;2.6;0.615;0.8;3.8;4.6;2.6;0.4;0.2;1;2;15
117;Kenneth Lofton Jr.;PF;20;MEM;4;0;3;0.8;2;0.375;0;0.5;0;0.8;1.5;0.5;0.375;0.3;0.5;0.5;0.3;0.5;0.8;0.3;0;0;0;0;1.8
118;Kevon Looney;C;26;GSW;13;8;25;2.8;4.9;0.578;0;0;0;2.8;4.9;0.578;0.578;0.8;1.4;0.556;4.7;8.4;13.1;3.3;0.6;0.4;1;2.8;6.5
119;Brook Lopez;C;34;MIL;5;5;36.4;7.8;13.4;0.582;1.4;3.4;0.412;6.4;10;0.64;0.634;2;2.6;0.769;2.8;3.6;6.4;1.2;1.4;1.8;2.2;2;19
120;Robin Lopez;C;34;CLE;2;0;3;1.5;1.5;1;0;0;0;1.5;1.5;1;1;1;1;1;0.5;0;0.5;0;0;0;0.5;1;4
121;Kevin Love;PF;34;MIA;20;18;18;2.3;6;0.378;1.7;4.4;0.375;0.6;1.6;0.387;0.517;0.7;0.8;0.875;0.7;4.9;5.6;1.2;0.5;0.4;0.5;1.8;6.9
122;Kyle Lowry;PG;36;MIA;23;1;26;3.2;7.6;0.425;1.4;3.8;0.375;1.8;3.7;0.477;0.52;1.3;1.4;0.939;0.5;3;3.5;4.4;1;0.6;1.7;2.6;9.2
123;Trey Lyles;PF;27;SAC;7;0;16.9;2.4;5.7;0.425;1.3;3.9;0.333;1.1;1.9;0.615;0.538;0.4;0.7;0.6;1.3;4.4;5.7;0.7;0.3;0;0.4;1.7;6.6
124;Terance Mann;SG;26;LAC;5;0;26.6;3.8;6.6;0.576;1.8;3.8;0.474;2;2.8;0.714;0.712;1.2;1.8;0.667;1.4;1.8;3.2;2.2;0.8;0.2;1.8;3.4;10.6
125;Caleb Martin;SF;27;MIA;23;4;30.2;4.7;9;0.529;1.9;4.5;0.423;2.8;4.4;0.637;0.636;1.3;1.5;0.829;1.2;4.3;5.4;1.6;0.9;0.4;1;2.4;12.7
126;Wesley Matthews;SF;36;MIL;2;0;20.5;2;4.5;0.444;2;3.5;0.571;0;1;0;0.667;0;0;0;0.5;1;1.5;0.5;1;0.5;0;1.5;6
127;Tyrese Maxey;SG;22;PHI;11;11;38.5;7.5;17.5;0.427;3.1;7.7;0.4;4.4;9.7;0.449;0.516;2.5;2.8;0.903;0.8;4;4.8;2.3;1.4;0.5;0.7;2.4;20.5
128;Miles McBride;PG;22;NYK;8;0;2.5;0.1;0.5;0.25;0.1;0.4;0.333;0;0.1;0;0.375;0;0;0;0;0.3;0.3;0.1;0;0.1;0;0.1;0.4
129;Jalen McDaniels;SF;25;PHI;8;0;12.8;1;2.5;0.4;0.4;1.1;0.333;0.6;1.4;0.455;0.475;0;0;0;0.4;1.6;2;0.6;0.1;0;0.4;1;2.4
130;Jordan McLaughlin;PG;26;MIN;2;0;7;0;2;0;0;1;0;0;1;0;0;0;0;0;0;1;1;1;0;0;0;1;0
131;De'Anthony Melton;SG;24;PHI;11;0;24.9;2.8;7.4;0.383;1.7;4.5;0.388;1.1;2.9;0.375;0.5;0.5;0.7;0.75;1.3;2;3.3;1.6;1.2;0.8;0.7;1.8;7.9
132;Chimezie Metu;PF;25;SAC;3;0;2;0;0.3;0;0;0;0;0;0.3;0;0;0.7;1;0.667;0.3;0;0.3;0;0;0;0.3;0;0.7
133;Khris Middleton;SF;31;MIL;5;5;34.6;8;17.2;0.465;2.6;6.4;0.406;5.4;10.8;0.5;0.541;5.2;6;0.867;1.4;5;6.4;6.2;0.6;0;3.4;3;23.8
134;Patty Mills;PG;34;BRK;1;0;5;0;2;0;0;2;0;0;0;0;0;0;0;0;0;0;0;0;0;0;0;1;0
135;Shake Milton;SG;26;PHI;6;0;3.5;0.5;0.8;0.6;0;0.2;0;0.5;0.7;0.75;0.6;0.3;0.3;1;0;0.5;0.5;0.3;0.3;0;0.2;0.5;1.3
136;Josh Minott;SF;20;MIN;1;0;6;0;1;0;0;1;0;0;0;0;0;0;0;0;0;0;0;0;2;1;1;1;0
137;Davion Mitchell;PG;24;SAC;7;0;20;2.7;6.6;0.413;1;3.9;0.259;1.7;2.7;0.632;0.489;0.7;0.9;0.833;0.4;0.9;1.3;1.7;0.9;0.1;0.9;1;7.1
138;Donovan Mitchell;SG;26;CLE;5;5;41.4;9;20.8;0.433;2.6;9;0.289;6.4;11.8;0.542;0.495;2.6;3.6;0.722;0.6;4.4;5;7.2;2;0.6;3.8;2.8;23.2
139;Evan Mobley;PF;21;CLE;5;5;37.6;4.4;9.6;0.458;0;0.2;0;4.4;9.4;0.468;0.458;1;1.6;0.625;3;7;10;2;0.6;1.2;2.4;2.6;9.8
140;Malik Monk;SG;24;SAC;7;0;29.3;5.4;13.3;0.409;1.9;5.6;0.333;3.6;7.7;0.463;0.478;6.3;7;0.898;0.9;4.6;5.4;3.6;0.7;0.4;2;2.1;19
141;Moses Moody;SG;20;GSW;12;0;13.4;1.9;3.6;0.535;1.1;1.8;0.591;0.8;1.8;0.476;0.686;0.9;1;0.917;0.6;2;2.6;0.7;0.4;0.3;0.2;1.5;5.8
142;Wendell Moore Jr.;SG;21;MIN;1;0;2;0;0;0;0;0;0;0;0;0;0;0;0;0;0;0;0;0;0;0;1;0;0
143;Ja Morant;PG;23;MEM;5;5;37.4;9;21.2;0.425;2.6;6.2;0.419;6.4;15;0.427;0.486;4;5.2;0.769;1.6;5.2;6.8;7;1.8;0.2;3.4;2.4;24.6
144;Marcus Morris;PF;33;LAC;3;2;22.7;3.3;9.7;0.345;0.7;4;0.167;2.7;5.7;0.471;0.379;1.3;1.3;1;0.3;3.7;4;0;0.3;0.3;0.3;2;8.7
145;Dejounte Murray;SG;26;ATL;5;5;38;9.2;20.6;0.447;2.8;7.4;0.378;6.4;13.2;0.485;0.515;1.8;1.8;1;1.8;5.4;7.2;6.8;2;0.2;2;1.4;23
146;Jamal Murray;PG;25;DEN;20;20;40;9.7;20.5;0.473;3;7.5;0.396;6.8;13.1;0.517;0.545;3.8;4.1;0.926;0.8;4.9;5.7;7.1;1.5;0.3;2.5;2.1;26.1
147;Keegan Murray;SF;22;SAC;7;7;27.7;3.7;8.3;0.448;1.7;4.6;0.375;2;3.7;0.538;0.552;0.6;0.9;0.667;2.1;4.1;6.3;0.7;0.6;0.3;0.6;2.6;9.7
148;Mike Muscala;C;31;BOS;6;0;3.5;0.3;0.7;0.5;0.3;0.7;0.5;0;0;0;0.75;0.5;0.7;0.75;0.5;0.2;0.7;0.2;0;0;0.2;0.2;1.5
149;Raul Neto;PG;30;CLE;2;0;3.5;0;0.5;0;0;0.5;0;0;0;0;0;0.5;1;0.5;0;0;0;0.5;0;0;1;1;0.5
150;Georges Niang;PF;29;PHI;11;0;14.3;1.6;3.3;0.5;1.1;2.4;0.462;0.5;0.9;0.6;0.667;0;0;0;0;0.4;0.4;0.2;0;0.2;0.5;1.5;4.4
151;Zeke Nnaji;PF;22;DEN;5;0;2.4;0.4;0.8;0.5;0.2;0.6;0.333;0.2;0.2;1;0.625;0;0;0;0;0.4;0.4;0;0.2;0;0.2;0;1
152;Jaylen Nowell;SG;23;MIN;5;0;12.4;1.2;5.2;0.231;0.6;1.8;0.333;0.6;3.4;0.176;0.288;0.2;0.4;0.5;0.8;0.2;1;0.6;0;0;0.4;0.8;3.2
153;Royce O'Neale;SF;29;BRK;4;0;29.5;1.8;7.3;0.241;1;5.5;0.182;0.8;1.8;0.429;0.31;0.5;0.5;1;1;3.3;4.3;3.5;1.3;0.3;1;2.8;5
154;Josh Okogie;SG;24;PHO;10;5;17.5;1.4;3.7;0.378;0.2;1.4;0.143;1.2;2.3;0.522;0.405;1.1;1.3;0.846;1.2;0.9;2.1;1.3;0.6;0.2;0.3;1.8;4.1
155;Onyeka Okongwu;C;22;ATL;6;0;21.8;2.5;4.2;0.6;0.2;0.2;1;2.3;4;0.583;0.62;0.8;1.7;0.5;3.2;3.2;6.3;1.2;0.3;1.3;1.2;3;6
156;Isaac Okoro;SF;22;CLE;5;2;15;2.2;4.6;0.478;0.8;2.6;0.308;1.4;2;0.7;0.565;1.2;1.2;1;0.6;0.8;1.4;0.8;0.4;0.4;0.8;2;6.4
157;Victor Oladipo;SG;30;MIA;2;0;22.5;5;9.5;0.526;1;2.5;0.4;4;7;0.571;0.579;0.5;1.5;0.333;0.5;3;3.5;1;1;0.5;1;2.5;11.5
158;Cedi Osman;SF;27;CLE;5;0;18.6;1.8;5;0.36;1.2;4;0.3;0.6;1;0.6;0.48;1.2;1.8;0.667;0.2;2.8;3;1;0.4;0.2;1;2.4;6
159;Chris Paul;PG;37;PHO;7;7;35.7;5.4;13;0.418;1.3;4;0.321;4.1;9;0.46;0.467;0.3;0.6;0.5;0.7;4.3;5;7.4;1.7;0.7;1;2.3;12.4
160;Cameron Payne;PG;28;PHO;7;4;21.7;3.3;6.9;0.479;1.6;3.9;0.407;1.7;3;0.571;0.594;0;0.4;0;0;2;2;2.9;0.4;0.3;1.3;2.1;8.1
161;Gary Payton II;SG;30;GSW;12;3;16;3;4.5;0.667;0.3;1.3;0.267;2.7;3.3;0.821;0.704;0.5;0.8;0.667;1.8;1.8;3.7;0.8;0.7;0.5;0.9;1.6;6.8
162;Mason Plumlee;C;32;LAC;5;0;18.2;2.8;3.2;0.875;0;0;0;2.8;3.2;0.875;0.875;2.6;2.8;0.929;3.2;3.6;6.8;1.8;0.4;0.4;0.6;3;8.2
163;Jordan Poole;PG;23;GSW;13;4;21.8;3.5;10.4;0.341;1.2;4.8;0.254;2.3;5.5;0.417;0.4;2;2.6;0.765;0.3;1.8;2.2;3.5;0.8;0.2;1.2;2.5;10.3
164;Michael Porter Jr.;SF;24;DEN;20;20;32.7;5;11.7;0.423;2.3;6.6;0.351;2.7;5.2;0.515;0.521;1.2;1.5;0.793;1;7.1;8.1;1.6;0.5;0.6;0.5;2.1;13.4
165;Bobby Portis;PF;27;MIL;5;2;21.4;4;8.2;0.488;1;3.6;0.278;3;4.6;0.652;0.549;0.6;0.6;1;2;6.2;8.2;1.2;0.6;0.4;0.8;3;9.6
166;Norman Powell;SG;29;LAC;5;3;33.4;7.2;15.2;0.474;2.6;6.4;0.406;4.6;8.8;0.523;0.559;4.8;6.2;0.774;0.8;2.2;3;2.2;0.8;0.4;1.6;3.2;21.8
167;Jason Preston;PG;23;LAC;1;0;1;0;0;0;0;0;0;0;0;0;0;0;0;0;0;0;0;0;0;0;0;0;0
168;Taurean Prince;PF;28;MIN;5;1;20;2.4;6.6;0.364;1.6;4.2;0.381;0.8;2.4;0.333;0.485;1.4;1.8;0.778;0.6;0.8;1.4;0.8;0.6;0.2;1;1.8;7.8
169;Payton Pritchard;PG;25;BOS;10;0;5.7;1.2;2.2;0.545;0.4;1;0.4;0.8;1.2;0.667;0.636;0.4;0.5;0.8;0;0.6;0.6;1.1;0.1;0;0.5;0.3;3.2
170;Immanuel Quickley;SG;23;NYK;8;0;21.9;2.9;8.3;0.348;1.1;4.6;0.243;1.8;3.6;0.483;0.417;2.1;2.5;0.85;0.3;1.4;1.6;1;0.5;0;1.1;1.4;9
171;Julius Randle;PF;28;NYK;10;10;33;5.5;14.7;0.374;1.7;6.6;0.258;3.8;8.1;0.469;0.432;3.9;5.5;0.709;1.7;6.6;8.3;3.6;0.5;0.3;3.5;2.4;16.6
172;Austin Reaves;SG;24;LAL;16;16;36.2;5.6;12.1;0.464;2.4;5.5;0.443;3.2;6.6;0.481;0.564;3.2;3.6;0.895;1.3;3.2;4.4;4.6;0.6;0.2;1.6;2.4;16.9
173;Paul Reed;C;23;PHI;11;2;14.3;2;3.5;0.579;0;0;0;2;3.5;0.579;0.579;0.6;0.6;1;2.5;3;5.5;0.6;0.5;0.4;0.5;1.4;4.6
174;Austin Rivers;SG;30;MIN;4;0;11.5;1;2;0.5;0.5;1.5;0.333;0.5;0.5;1;0.625;0;0;0;0.3;1;1.3;0.3;0.3;0;0.3;0.3;2.5
175;Duncan Robinson;SF;28;MIA;23;1;18.2;3.3;6.9;0.475;2.2;4.9;0.442;1.1;2;0.556;0.633;0.3;0.3;0.875;0;1.4;1.5;1.7;0.3;0.1;0.9;1.6;9
176;Mitchell Robinson;C;24;NYK;11;11;27.1;2.6;4.4;0.604;0;0;0;2.6;4.4;0.604;0.604;1.2;3;0.394;5;4.3;9.3;0.8;0.6;1.5;0.9;2.6;6.5
177;David Roddy;PF;21;MEM;6;0;12.7;1.3;4.8;0.276;1;3.3;0.3;0.3;1.5;0.222;0.379;0.2;0.2;1;0.7;2.2;2.8;0.7;0;0.3;0.2;1;3.8
178;Derrick Rose;PG;34;NYK;1;0;3;0;4;0;0;1;0;0;3;0;0;0;0;0;0;0;0;1;0;0;0;0;0
179;Terrence Ross;SG;31;PHO;6;0;11.5;1.3;4.5;0.296;1;3.7;0.273;0.3;0.8;0.4;0.407;0;0;0;0;1.3;1.3;0.2;0.2;0.3;0.2;1;3.7
180;Ricky Rubio;PG;32;CLE;3;0;5.7;0;0.3;0;0;0;0;0;0.3;0;0;0;0;0;0.7;1.3;2;1;0.3;0;1.7;1.7;0
181;D'Angelo Russell;PG;26;LAL;16;15;29.6;5.2;12.2;0.426;1.7;5.4;0.31;3.5;6.8;0.519;0.495;1.3;1.6;0.769;0.6;2.3;2.9;4.6;0.7;0.3;1.8;2;13.3
182;Domantas Sabonis;C;26;SAC;7;7;34.7;7;14.1;0.495;0.1;0.7;0.2;6.9;13.4;0.511;0.5;2.3;4;0.571;4.4;6.6;11;4.7;1.4;0.9;3.7;4;16.4
183;Dennis Schröder;PG;29;LAL;16;3;26.1;2.6;6.4;0.398;0.8;2.4;0.333;1.8;4;0.438;0.461;1.4;1.8;0.821;0.2;1.8;1.9;2.9;1;0.2;1.3;2.5;7.4
184;Landry Shamet;SG;25;PHO;10;1;18.4;1.7;4.5;0.378;1.1;2.9;0.379;0.6;1.6;0.375;0.5;0.3;0.4;0.75;0.3;1.4;1.7;1.1;0.2;0.1;0.4;1.5;4.8
185;Day'Ron Sharpe;C;21;BRK;2;0;10;1;1.5;0.667;0;0;0;1;1.5;0.667;0.667;1;1;1;1;2;3;2.5;0;0.5;1;1.5;3
186;Marcus Smart;PG;28;BOS;20;20;34;5.1;11.2;0.453;2.2;6.1;0.361;2.9;5.1;0.564;0.552;2.6;3.3;0.8;1.1;3;4;5.1;1.3;0.3;2.3;1.9;14.9
187;Ish Smith;PG;34;DEN;4;0;3;0.3;0.5;0.5;0;0;0;0.3;0.5;0.5;0.5;0;0;0;0;0.3;0.3;0.3;0;0;0;0.5;0.5
188;Jaden Springer;SG;20;PHI;4;0;4.3;1;1;1;0;0;0;1;1;1;1;0.3;0.5;0.5;0;0;0;0;0.3;0;0.3;0.5;2.3
189;Lamar Stevens;SF;25;CLE;2;0;4.5;0.5;1;0.5;0.5;0.5;1;0;0.5;0;0.75;1;1;1;0;1.5;1.5;0;0;0;0;0;2.5
190;Max Strus;SF;26;MIA;23;23;28.2;3.3;8.2;0.402;1.9;5.9;0.319;1.4;2.3;0.611;0.516;0.9;1.1;0.8;0.6;3;3.6;1.4;0.3;0.3;0.3;2;9.3
191;Edmond Sumner;SG;27;BRK;1;0;4;0;0;0;0;0;0;0;0;0;0;0;0;0;0;0;0;1;0;0;0;0;0
192;Jayson Tatum;SF;24;BOS;20;20;40;9.3;20.2;0.458;2.7;8.2;0.323;6.6;12;0.55;0.524;6;6.9;0.876;1.3;9.2;10.5;5.3;1.1;1.1;2.8;2.2;27.2
193;Cam Thomas;SG;21;BRK;2;0;8;1.5;3.5;0.429;0;1;0;1.5;2.5;0.6;0.429;0;0;0;0;0.5;0.5;0.5;0;0;0.5;1;3
194;Klay Thompson;SF;32;GSW;13;13;36;6.5;16.8;0.388;3.8;10.5;0.368;2.7;6.4;0.422;0.502;1.6;1.8;0.875;0.1;4.1;4.2;2.2;0.5;0.3;2;2.2;18.5
195;Tristan Thompson;C;31;LAL;6;0;5.3;0.8;1.8;0.455;0;0;0;0.8;1.8;0.455;0.455;0.2;0.8;0.2;0.7;1;1.7;0.3;0;0;0.2;0.2;1.8
196;Xavier Tillman Sr.;C;24;MEM;6;6;30.5;4;7.5;0.533;0.2;0.7;0.25;3.8;6.8;0.561;0.544;0.5;0.8;0.6;2.8;5.2;8;3.2;0.7;0.7;0.7;2.8;8.7
197;Obi Toppin;PF;24;NYK;11;1;15.9;2.7;6.4;0.429;1.2;3.9;0.302;1.5;2.5;0.63;0.521;0.4;0.5;0.8;0.9;2.6;3.5;0.6;0.7;0.3;0.7;1.1;7
198;Karl-Anthony Towns;PF;27;MIN;5;5;36;6.4;14;0.457;1.2;4.8;0.25;5.2;9.2;0.565;0.5;4.2;5.6;0.75;1.2;9;10.2;2;0.6;0.8;3.6;4.2;18.2
199;P.J. Tucker;PF;37;PHI;11;11;26.7;1.7;4.6;0.373;1.3;3.6;0.35;0.5;1;0.455;0.51;0.2;0.3;0.667;1.6;2.9;4.5;1.5;1.2;0.3;0.5;2.5;4.9
200;Jarred Vanderbilt;PF;23;LAL;15;13;16.5;1.6;4;0.4;0.5;1.9;0.241;1.1;2.1;0.548;0.458;0.9;1.3;0.7;1.3;1.9;3.2;0.8;0.7;0.8;0.9;2.1;4.6
201;Gabe Vincent;PG;26;MIA;22;22;30.5;4.5;11.2;0.402;2.3;6.1;0.378;2.2;5;0.432;0.506;1.4;1.5;0.882;0.4;1;1.4;3.5;0.9;0.2;1.4;3;12.7
202;Dean Wade;PF;26;CLE;2;0;5.5;0;0.5;0;0;0.5;0;0;0;0;0;1;1;1;0;1.5;1.5;0;0;0;0;0;1
203;Ish Wainright;SF;28;PHO;6;0;3.5;0.2;0.7;0.25;0.2;0.7;0.25;0;0;0;0.375;0;0;0;0;0.2;0.2;0;0;0.2;0;0.3;0.5
204;Lonnie Walker IV;SG;24;LAL;13;0;13.8;2.2;4.6;0.483;1;2.6;0.382;1.2;2;0.615;0.592;0.7;0.9;0.75;0.1;0.8;0.9;0.8;0.5;0.1;0.3;1.2;6.2
205;T.J. Warren;SF;29;PHO;6;0;13.5;1;3.2;0.316;0.2;1.2;0.143;0.8;2;0.417;0.342;0.5;0.7;0.75;0.3;0.8;1.2;0.5;0.2;0.5;0.2;0.8;2.7
206;Yuta Watanabe;SF;28;BRK;1;0;5;1;2;0.5;1;2;0.5;0;0;0;0.75;0;2;0;0;1;1;0;0;0;1;0;3
207;Peyton Watson;SG;20;DEN;5;0;2.8;0.4;1;0.4;0.2;0.4;0.5;0.2;0.6;0.333;0.5;0;0;0;0.2;0.6;0.8;0.2;0;0.2;0.2;0.4;1
208;Russell Westbrook;PG;34;LAC;5;5;38.4;8.6;21;0.41;2;5.6;0.357;6.6;15.4;0.429;0.457;4.4;5;0.88;1.8;5.8;7.6;7.4;1.2;1.4;4;3;23.6
209;Derrick White;SG;28;BOS;20;16;29.7;4.7;9.2;0.505;2.5;5.5;0.455;2.2;3.7;0.581;0.641;1.6;1.7;0.912;0.7;2.3;3;2.1;0.6;1;0.9;1.9;13.4
210;Andrew Wiggins;SF;27;GSW;13;12;34;6.4;13.9;0.459;1.5;4.9;0.297;4.9;9;0.547;0.511;2.5;3.6;0.681;1.8;3.8;5.6;1.9;0.8;1.2;1.3;3.5;16.7
211;Grant Williams;PF;24;BOS;15;0;17.7;1.7;3.5;0.472;1.2;2.7;0.45;0.5;0.9;0.538;0.642;0.5;0.7;0.8;0.7;1.5;2.2;1.2;0.3;0.4;0.3;1.7;5.1
212;Robert Williams;C;25;BOS;20;4;20.9;3.4;4.3;0.788;0;0.1;0;3.4;4.2;0.798;0.788;1;1.4;0.679;1.8;4.2;6;1;0.5;1.3;0.8;2.2;7.7
213;Ziaire Williams;SF;21;MEM;4;0;3;0.5;1.8;0.286;0.3;0.8;0.333;0.3;1;0.25;0.357;0;0;0;0;0.5;0.5;0.5;0;0;0.5;0.3;1.3
214;Trae Young;PG;24;ATL;6;6;38.3;10;24.8;0.403;3;9;0.333;7;15.8;0.442;0.463;6.2;7.2;0.86;0.8;2.8;3.7;10.2;1.7;0.7;4;1.8;29.2
215;Omer Yurtseven;C;24;MIA;8;0;2;0.3;0.9;0.286;0;0.3;0;0.3;0.6;0.4;0.286;0;0;0;0.4;0.3;0.6;0.1;0;0.1;0.1;0.3;0.5
216;Cody Zeller;C;30;MIA;21;0;8.3;1;1.7;0.571;0;0;0;1;1.7;0.571;0.571;0.3;0.7;0.4;0.5;1.8;2.3;0.3;0.1;0.2;0.6;1.3;2.2
217;Ivica Zubac;C;25;LAC;5;5;26;3.4;6;0.567;0;0;0;3.4;6;0.567;0.567;2.4;3.2;0.75;3.2;6.4;9.6;0.6;0.6;0.2;2.2;1.6;9.2
1;Precious Achiuwa;PF;24;NYK;9;2;20.4;2.3;4.8;0.488;0;0.3;0;2.3;4.4;0.525;0.488;0.6;1.4;0.385;2.4;1.8;4.2;0.6;0.4;1.3;0.4;2.2;5.2
2;Bam Adebayo;C;26;MIA;5;5;38.4;9.6;19.4;0.495;0.4;2;0.2;9.2;17.4;0.529;0.505;3;4.2;0.714;2.2;7.2;9.4;3.8;0.4;0;1.6;3;22.6
3;Nickeil Alexander-Walker;SG;25;MIN;16;1;23.6;2.6;7;0.366;1.5;5.1;0.296;1.1;1.9;0.548;0.473;0.6;0.6;1;0.3;1.4;1.8;2.3;0.6;0.4;0.9;1.5;7.3
4;Grayson Allen;SG;28;PHO;2;2;21.5;0.5;2.5;0.2;0.5;2.5;0.2;0;0;0;0.3;2;2;1;1;3;4;1;0.5;0;1.5;2;3.5
5;Jarrett Allen;C;25;CLE;4;4;31.8;6.3;9.3;0.676;0;0;0;6.3;9.3;0.676;0.676;4.5;6.5;0.692;3.8;10;13.8;1.3;1.3;1;1.3;2;17
6;Jose Alvarado;PG;25;NOP;4;0;15.5;0.8;5;0.15;0.3;3.5;0.071;0.5;1.5;0.333;0.175;0;0;0;0;1;1;2.3;1.3;0.3;1;0.8;1.8
7;Kyle Anderson;PF;30;MIN;15;1;15.4;1.7;3.8;0.456;0.1;0.5;0.25;1.6;3.3;0.49;0.474;0.7;0.8;0.833;1.2;1.5;2.7;2.5;0.7;0.3;0.7;1.7;4.3
8;Thanasis Antetokounmpo;PF;31;MIL;2;0;2.5;0;0;0;0;0;0;0;0;0;0;0;0;0;0;0;0;0;0.5;0.5;0;0.5;0
9;Cole Anthony;PG;23;ORL;7;0;14.7;1.9;5.9;0.317;0.3;1.9;0.154;1.6;4;0.393;0.341;1.1;1.3;0.889;0.3;1.9;2.1;1.3;0.6;0.1;0.7;2.3;5.1
10;OG Anunoby;SF;26;NYK;9;9;36;6.2;12.3;0.505;1.8;4.3;0.41;4.4;8;0.556;0.577;0.9;1.4;0.615;0.8;5.2;6;1.1;0.9;1;1.1;1.7;15.1
11;Paolo Banchero;PF;21;ORL;7;7;37.4;9.7;21.3;0.456;2.3;5.7;0.4;7.4;15.6;0.477;0.51;5.3;7;0.755;2;6.6;8.6;4;1.1;0.6;4.6;2;27
12;Nicolas Batum;PF;35;PHI;6;0;28.3;2;4.8;0.414;1.5;3.7;0.409;0.5;1.2;0.429;0.569;0.8;1.3;0.625;1.5;4.3;5.8;1.3;0.2;0.8;0.8;2.2;6.3
13;Bradley Beal;SG;30;PHO;4;4;38.5;6.5;14.8;0.441;2.5;5.8;0.435;4;9;0.444;0.525;1;1.3;0.8;1.5;1.3;2.8;4.5;0.8;0.3;3.3;3.8;16.5
14;Malik Beasley;SG;27;MIL;6;2;21.8;3.5;6.8;0.512;1.8;4.2;0.44;1.7;2.7;0.625;0.646;0;0;0;0.2;2.3;2.5;0.7;0.7;0;0.5;1.5;8.8
15;MarJon Beauchamp;SF;23;MIL;4;0;2.5;0.3;1;0.25;0;0.5;0;0.3;0.5;0.5;0.25;0.3;0.5;0.5;0;0.3;0.3;0.5;0;0;0.3;0.3;0.8
16;Patrick Beverley;PG;35;MIL;6;6;35;2.7;6.5;0.41;0.7;1.8;0.364;2;4.7;0.429;0.462;2.2;2.5;0.867;0.7;2.7;3.3;5.5;1;0.7;1;2.7;8.2
17;Goga Bitadze;C;24;ORL;2;0;5;0;1;0;0;0;0;0;1;0;0;0;0;0;0.5;1;1.5;1;0;0;0.5;0;0
18;Anthony Black;PG;20;ORL;2;0;5.5;1.5;3.5;0.429;0;1;0;1.5;2.5;0.6;0.429;0;0;0;0.5;0.5;1;1;0.5;0;0.5;0.5;3
19;Bojan Bogdanovi?;SF;34;NYK;4;0;12.8;1.8;6;0.292;1.5;3.8;0.4;0.3;2.3;0.111;0.417;1;1.8;0.571;0.3;2.8;3;1;0;0.3;0.3;0.8;6
20;Bol Bol;PF;24;PHO;3;0;4.3;0.3;1;0.333;0;0;0;0.3;1;0.333;0.333;0;0;0;0;1.3;1.3;0;0.3;0;0;0.7;0.7
21;Devin Booker;PG;27;PHO;4;4;41.5;8;16.3;0.492;1.8;5;0.35;6.3;11.3;0.556;0.546;9.8;10.3;0.951;0.3;3;3.3;6;1.8;0.3;2.8;4.5;27.5
22;Brandon Boston Jr.;SF;22;LAC;3;0;3.3;0.7;1.3;0.5;0;0;0;0.7;1.3;0.5;0.5;0.3;0.7;0.5;0.3;0.3;0.7;0.3;0;0;0;0.7;1.7
23;Christian Braun;SG;22;DEN;12;0;17;1.9;4.5;0.426;0.3;1.5;0.222;1.6;3;0.528;0.463;0.9;1.3;0.688;0.8;1.9;2.7;0.8;0.2;0.4;0.1;1.5;5.1
24;Oshae Brissett;SF;25;BOS;10;0;5.5;0.6;1.1;0.545;0.2;0.2;1;0.4;0.9;0.444;0.636;0.2;0.4;0.5;0.3;1.1;1.4;0;0.3;0.2;0.1;0.2;1.6
25;Jaylen Brown;SF;27;BOS;19;19;37.2;9.2;17.8;0.516;1.9;5.8;0.327;7.3;12.1;0.607;0.569;3.6;5.4;0.66;1.2;4.8;5.9;3.3;1.2;0.6;2.7;2.7;23.9
26;Kendall Brown;SG;20;IND;7;0;3.6;0.3;0.9;0.333;0;0;0;0.3;0.9;0.333;0.333;0;0;0;0;0.4;0.4;0.3;0;0.1;0.4;0.3;0.6
27;Kobe Brown;PF;24;LAC;3;0;3.3;0;0;0;0;0;0;0;0;0;0;0;0;0;0.3;0.3;0.7;0;0;0;0;0.3;0
28;Jalen Brunson;PG;27;NYK;13;13;39.8;11.6;26.2;0.444;2;6.5;0.31;9.6;19.7;0.488;0.482;7.2;9.2;0.775;0.6;2.7;3.3;7.5;0.8;0.2;2.7;2;32.4
29;Thomas Bryant;C;26;MIA;2;0;9;2.5;3.5;0.714;0;1;0;2.5;2.5;1;0.714;1;1.5;0.667;1;1.5;2.5;0.5;0;0;1;0.5;6
30;Alec Burks;SG;32;NYK;6;0;20.2;4.2;8.3;0.5;2;4.7;0.429;2.2;3.7;0.591;0.62;4.5;5.3;0.844;0.7;2.7;3.3;1;0.2;0.2;0;1;14.8
31;Kentavious Caldwell-Pope;SG;30;DEN;12;12;35;2.8;7.2;0.395;1.5;4.6;0.327;1.3;2.6;0.516;0.5;0.9;0.9;1;0.4;2.5;2.9;2.6;1.4;0.4;0.8;3.1;8.1
32;Wendell Carter Jr.;C;24;ORL;7;5;26.4;2.7;6.7;0.404;1;3.6;0.28;1.7;3.1;0.545;0.479;1.1;1.6;0.727;1.3;5;6.3;1.3;0.7;0.6;0.7;2.9;7.6
33;Amir Coffey;SF;26;LAC;6;3;18.7;1.2;3.7;0.318;0.5;1.8;0.273;0.7;1.8;0.364;0.386;0;0;0;0.3;1.3;1.7;0.3;0.3;0.2;0.8;1;2.8
34;Mike Conley;PG;36;MIN;15;15;31.6;4.1;9.7;0.428;2;5.1;0.395;2.1;4.6;0.464;0.531;1.3;1.9;0.714;0.7;3.2;3.9;5.7;1.4;0.2;1.3;2.5;11.6
35;Pat Connaughton;SF;31;MIL;6;0;20.7;1.8;4.2;0.44;0.5;1.8;0.273;1.3;2.3;0.571;0.5;0.3;0.3;1;0.5;3.3;3.8;2.2;1;0.2;0.5;1;4.5
36;Jae Crowder;PF;33;MIL;4;0;10.5;0.8;3;0.25;0.3;1.8;0.143;0.5;1.3;0.4;0.292;0.5;0.5;1;0.5;1;1.5;0.5;0;0.5;0;1;2.3
37;Dyson Daniels;PG;20;NOP;3;0;5.7;0.7;2;0.333;0;0.7;0;0.7;1.3;0.5;0.333;0;0;0;0;0.7;0.7;0;0.7;0;0.3;0;1.3
38;Anthony Davis;C;30;LAL;5;5;41.6;11.8;18.6;0.634;0;1;0;11.8;17.6;0.67;0.634;4.2;5.2;0.808;3;12.6;15.6;4;0.4;1.6;2.2;3.8;27.8
39;Mamadi Diakite;PF;27;NYK;4;0;3.8;0;0.8;0;0;0.5;0;0;0.3;0;0;0.5;0.5;1;0;0.8;0.8;0.3;0.3;0.3;0.3;0.8;0.5
40;Ousmane Dieng;PF;20;OKC;4;0;1.8;0.3;0.5;0.5;0;0.3;0;0.3;0.3;1;0.5;0;0;0;0;0;0;0;0;0;0;0;0.5
41;Spencer Dinwiddie;PG;30;LAL;5;0;14.6;1;2.8;0.357;0.4;1.6;0.25;0.6;1.2;0.5;0.429;0.6;1.2;0.5;0.2;1.2;1.4;1.6;0.4;0.2;0.2;1.4;3
42;Donte DiVincenzo;SG;27;NYK;13;13;35.8;6.2;14.7;0.419;3.5;8.2;0.425;2.7;6.5;0.412;0.537;2;2.3;0.867;1;3;4;2.6;1.2;0.9;1.2;2.2;17.8
43;Luka Don?i?;PG;24;DAL;22;22;40.9;10.2;22.9;0.446;3.1;9.6;0.322;7.1;13.3;0.536;0.514;5.3;7;0.765;0.7;8.7;9.5;8.1;1.9;0.4;4.1;2.5;28.9
44;Luguentz Dort;SF;24;OKC;10;10;35;3.3;9.1;0.363;2.5;6.4;0.391;0.8;2.7;0.296;0.5;1.6;1.9;0.842;1.9;2.7;4.6;2;1.3;0.2;1.1;4.2;10.7
45;Kevin Durant;PF;35;PHO;4;4;42;9.3;16.8;0.552;1.3;3;0.417;8;13.8;0.582;0.59;7;8.5;0.824;0.3;6.3;6.5;3.3;0.5;1.5;2.5;2;26.8
46;Anthony Edwards;SG;22;MIN;16;16;40.6;9.8;20.3;0.481;2.9;7.2;0.4;6.9;13.1;0.526;0.552;5.2;6.4;0.814;1.1;5.9;7;6.5;1.5;0.6;3.3;2.3;27.6
47;Joel Embiid;C;29;PHI;6;6;41.3;9.8;22.2;0.444;2.2;6.5;0.333;7.7;15.7;0.489;0.492;11.2;13;0.859;3.2;7.7;10.8;5.7;1.2;1.5;4.2;3.3;33
48;Drew Eubanks;C;26;PHO;3;0;12.3;2.3;4;0.583;0;0;0;2.3;4;0.583;0.583;1;1;1;0;1.3;1.3;0;0.7;0.3;0.7;2;5.7
49;Dante Exum;PG;28;DAL;21;0;6.9;0.8;2.1;0.364;0.3;1;0.35;0.4;1.1;0.375;0.443;0.2;0.3;0.667;0.1;0.7;0.8;0.6;0.1;0;0.2;0.4;2
50;Markelle Fultz;PG;25;ORL;7;0;15.1;2.9;4.9;0.588;0;0.1;0;2.9;4.7;0.606;0.588;0.7;1.3;0.556;1;1;2;1.1;0.4;0;1.1;1.7;6.4
51;Daniel Gafford;PF;25;DAL;22;22;20.2;3.5;5.6;0.634;0;0;0;3.5;5.6;0.634;0.634;1.9;3;0.631;1.9;3.6;5.5;0.7;0.3;1.5;0.9;1.7;9
52;Danilo Gallinari;SF;35;MIL;3;0;12.3;1.3;2.7;0.5;0;0.7;0;1.3;2;0.667;0.5;1;1.3;0.75;0.3;2.7;3;0.7;0;0;0.3;0;3.7
53;Darius Garland;PG;24;CLE;12;12;36;6.1;14.3;0.427;2.1;5.9;0.352;4;8.3;0.48;0.5;1.4;1.8;0.81;0.1;3.5;3.6;5.8;1.1;0.2;2.3;2.8;15.7
54;Luka Garza;C;25;MIN;7;0;3.7;1.4;1.7;0.833;0.3;0.4;0.667;1.1;1.3;0.889;0.917;1;1.1;0.875;0.3;0.6;0.9;0.1;0;0;0;0;4.1
55;Paul George;PF;33;LAC;6;6;37;6.5;15.8;0.411;3;8.2;0.367;3.5;7.7;0.457;0.505;3.5;4.2;0.84;0.5;6.3;6.8;4.8;1.2;0.5;2.3;3.7;19.5
56;Josh Giddey;SG;21;OKC;10;8;18.1;3.4;7.5;0.453;1.2;3.4;0.353;2.2;4.1;0.537;0.533;0.7;0.8;0.875;0.7;2.9;3.6;2.1;0.2;0.4;1.2;0.9;8.7
57;Shai Gilgeous-Alexander;PG;25;OKC;10;10;39.9;11.1;22.4;0.496;1.6;3.7;0.432;9.5;18.7;0.508;0.531;6.4;8.1;0.79;0.8;6.4;7.2;6.4;1.3;1.7;2.2;3.1;30.2
58;Rudy Gobert;C;31;MIN;15;15;34.1;4.3;6.9;0.615;0;0;0;4.3;6.9;0.615;0.615;3.5;5.3;0.671;2.7;7.1;9.8;1.6;0.9;1;1.5;3.7;12.1
59;Aaron Gordon;PF;28;DEN;12;12;37.1;5.8;9.8;0.585;0.9;2.3;0.407;4.8;7.6;0.637;0.631;1.9;2.3;0.821;3;4.3;7.3;4.4;0.8;0.6;1.5;2.3;14.3
60;Eric Gordon;SG;35;PHO;4;0;29.5;2.3;7;0.321;1.8;4.3;0.412;0.5;2.8;0.182;0.446;1.8;2;0.875;0.3;1.5;1.8;1.3;1.3;0.5;1;1.3;8
61;A.J. Green;SG;24;MIL;6;0;11.2;1;2.7;0.375;0.3;1.8;0.182;0.7;0.8;0.8;0.438;0.5;0.5;1;0;1.5;1.5;0.3;0;0;0.2;1.5;2.8
62;Josh Green;SG;23;DAL;22;0;18.1;1.6;3.9;0.424;1;2.7;0.39;0.6;1.2;0.5;0.559;0.6;0.9;0.737;1;1.6;2.5;1;0.8;0.1;0.3;1.3;5
63;Rui Hachimura;PF;25;LAL;5;5;30.4;3;7.6;0.395;1;2.8;0.357;2;4.8;0.417;0.461;0.8;1.6;0.5;1.2;2.6;3.8;0.8;0;0;0.4;1.6;7.8
64;Tyrese Haliburton;PG;23;IND;15;15;34.8;7;14.3;0.488;3.5;9.3;0.379;3.5;5;0.693;0.612;1.1;1.3;0.85;0.8;4;4.8;8.2;1.3;0.7;2.1;0.9;18.7
65;Tim Hardaway Jr.;SF;31;DAL;14;0;12.7;1.6;4.1;0.379;0.9;2.6;0.351;0.6;1.5;0.429;0.491;0.3;0.6;0.5;0.1;1.6;1.8;0.4;0.4;0.1;0.1;0.7;4.4
66;James Harden;PG;34;LAC;6;6;40.3;6.7;14.8;0.449;3;7.8;0.383;3.7;7;0.524;0.551;4.8;5.3;0.906;0.5;4;4.5;8;1;1;2.3;2.2;21.2
67;Jaden Hardy;SG;21;DAL;19;0;6.8;1.5;3.6;0.426;0.6;1.4;0.407;0.9;2.2;0.439;0.507;0.6;0.8;0.733;0.1;0.7;0.8;0.9;0.2;0;0.4;0.7;4.2
68;Gary Harris;SG;29;ORL;6;6;26.5;1.3;4.7;0.286;1.2;3.7;0.318;0.2;1;0.167;0.411;0.3;0.3;1;0.8;1.2;2;0.7;1.2;0.5;0.3;3;4.2
69;Tobias Harris;PF;31;PHI;6;6;36.3;3.7;8.5;0.431;1;3;0.333;2.7;5.5;0.485;0.49;0.7;0.7;1;1.5;5.7;7.2;1.5;0.2;0.5;0.5;1.8;9
70;Josh Hart;SF;28;NYK;13;13;42.2;5.1;11.5;0.44;1.7;4.5;0.373;3.4;7;0.484;0.513;2.7;3.7;0.729;2.8;8.7;11.5;4.5;1;0.8;2.6;3.2;14.5
71;Isaiah Hartenstein;C;25;NYK;13;13;29.8;3.5;5.8;0.592;0.1;0.2;0.5;3.4;5.7;0.595;0.599;1.5;1.7;0.864;3.8;4.1;7.8;3.5;0.3;0.9;1.5;3.2;8.5
72;Sam Hauser;SF;26;BOS;19;0;14.9;1.9;4.4;0.429;1.4;3.7;0.38;0.5;0.7;0.692;0.589;0.2;0.2;1;0.4;1.7;2.2;0.6;0.3;0.2;0.2;1.1;5.4
73;Jordan Hawkins;SG;21;NOP;3;0;4;0;1.3;0;0;1;0;0;0.3;0;0;0;0;0;0;0.7;0.7;0;0;0;0;0.3;0
74;Jaxson Hayes;C;23;LAL;4;0;6;0;0.5;0;0;0;0;0;0.5;0;0;0.3;0.5;0.5;0.8;2.3;3;0.3;0;0;0.5;1.8;0.3
75;Gordon Hayward;SF;33;OKC;7;0;6.6;0;0.4;0;0;0;0;0;0.4;0;0;0;0;0;0.1;1.7;1.9;0.4;0.1;0.1;0;0.3;0
76;Tyler Herro;SG;24;MIA;5;5;37;6;15.6;0.385;3;8.6;0.349;3;7;0.429;0.481;1.8;2;0.9;0;3.6;3.6;5.4;0.4;0;2.8;2;16.8
77;Buddy Hield;SG;31;PHI;4;0;12.8;1.8;4.3;0.412;1.5;3.3;0.462;0.3;1;0.25;0.588;0.5;0.5;1;0.5;0.8;1.3;0.5;0;0.3;0.5;1;5.5
78;Haywood Highsmith;PF;27;MIA;5;0;25.2;2;5.6;0.357;0.6;3.2;0.188;1.4;2.4;0.583;0.411;0.2;0.2;1;0.4;2.4;2.8;1.6;0.2;0.2;0.8;2.8;4.8
79;Jrue Holiday;PG;33;BOS;19;19;37.9;5.1;10.2;0.503;1.8;4.6;0.402;3.3;5.6;0.585;0.593;1.1;1.2;0.955;1.9;4.2;6.1;4.4;1.1;0.6;1.5;2.1;13.2
80;Justin Holiday;SG;34;DEN;12;0;12.5;0.9;2.9;0.314;0.9;2.4;0.379;0;0.5;0;0.471;0.2;0.3;0.5;0.1;1.6;1.7;0.3;0.5;0;0.3;1.3;2.9
81;Chet Holmgren;C;21;OKC;10;10;34.5;5.9;11.9;0.496;1.3;5;0.26;4.6;6.9;0.667;0.55;2.5;3.3;0.758;1.4;5.8;7.2;2.1;0.7;2.5;1.9;2.6;15.6
82;Al Horford;C;37;BOS;19;15;30.3;3.5;7.3;0.478;1.8;5;0.368;1.6;2.3;0.721;0.605;0.4;0.6;0.636;1.8;5.2;7;2.1;0.8;0.8;0.6;1.5;9.2
83;Caleb Houstan;SF;21;ORL;3;0;4.7;0.3;0.7;0.5;0.3;0.7;0.5;0;0;0;0.75;0;0;0;0.3;0.3;0.7;0;0;0;0;0;1
84;Jett Howard;SF;20;ORL;2;0;5;1;1.5;0.667;0.5;0.5;1;0.5;1;0.5;0.833;0;0;0;0;0.5;0.5;0.5;0;0;1;0.5;2.5
85;Bones Hyland;PG;23;LAC;3;0;4;1;2.3;0.429;0.3;1.7;0.2;0.7;0.7;1;0.5;1.3;1.3;1;0;0.7;0.7;1.3;0;0;0.3;0;3.7
86;Joe Ingles;SF;36;ORL;7;0;9.7;0.6;1.7;0.333;0.3;1;0.286;0.3;0.7;0.4;0.417;0.1;0.3;0.5;0.3;1.6;1.9;1.7;0.4;0;0;0.4;1.6
87;Brandon Ingram;SF;26;NOP;4;4;36.3;4.8;13.8;0.345;0.5;2;0.25;4.3;11.8;0.362;0.364;4.3;4.8;0.895;0.3;4.3;4.5;3.3;1;1.3;2.3;2;14.3
88;Kyrie Irving;SG;31;DAL;22;22;40;8.5;18.1;0.467;2.4;6.2;0.39;6;11.9;0.508;0.534;2.8;3.3;0.849;1;2.7;3.7;5.1;1;0.3;2.3;2.8;22.1
89;Jonathan Isaac;PF;26;ORL;7;3;21;2.3;5.6;0.41;1.4;3.9;0.37;0.9;1.7;0.5;0.538;0.3;0.3;1;1.4;3.4;4.9;0.4;0.7;1.3;0.6;1;6.3
90;Andre Jackson Jr.;SG;22;MIL;5;0;12;1;2.2;0.455;0.4;1.2;0.333;0.6;1;0.6;0.545;0;0;0;1;1.2;2.2;2;1;0.2;0.6;2;2.4
91;Isaiah Jackson;C;22;IND;15;0;10.3;1.5;2.9;0.535;0;0;0;1.5;2.9;0.535;0.535;0.7;1.2;0.611;1.4;1.8;3.2;0.5;0.2;0.9;0.3;1.6;3.8
92;Reggie Jackson;PG;33;DEN;12;0;9.8;1.3;4;0.333;0.7;1.9;0.348;0.7;2.1;0.32;0.417;0.2;0.2;1;0.2;1.1;1.3;1;0.2;0.1;0.7;1;3.5
93;LeBron James;PF;39;LAL;5;5;40.8;11.2;19.8;0.566;2;5.2;0.385;9.2;14.6;0.63;0.616;3.4;4.6;0.739;0.8;6;6.8;8.8;2.4;1;3.8;2.2;27.8
94;Jaime Jaquez Jr.;SF;22;MIA;4;4;30.8;5.3;13;0.404;0.8;3.3;0.231;4.5;9.8;0.462;0.433;1.5;1.8;0.857;0.5;2.8;3.3;3;0.8;0.5;1.8;1.5;12.8
95;DaQuan Jeffries;SG;26;NYK;4;0;5;0.8;2;0.375;0.5;1.3;0.4;0.3;0.8;0.333;0.5;0;0;0;0.3;0.8;1;0;0.3;0;0;0.5;2
96;Isaiah Joe;SG;24;OKC;10;2;17.3;2.4;5.4;0.444;1.6;3.9;0.41;0.8;1.5;0.533;0.593;0;0;0;0.4;1.8;2.2;1;0.5;0;0.5;1;6.4
97;James Johnson;PF;36;IND;1;0;1;0;0;0;0;0;0;0;0;0;0;1;2;0.5;0;0;0;0;0;0;1;0;1
98;Nikola Joki?;C;28;DEN;12;12;40.2;11.1;20.3;0.545;1.2;4.4;0.264;9.9;15.9;0.623;0.574;5.3;5.9;0.901;3.6;9.8;13.4;8.7;1.4;0.7;3.3;2.7;28.7
99;Damian Jones;C;28;CLE;2;0;4.5;0;0;0;0;0;0;0;0;0;0;0;0;0;0.5;0.5;1;1;0;0.5;1;0;0
100;Derrick Jones Jr.;SF;26;DAL;22;22;29.4;3.5;7.3;0.481;1.1;3;0.369;2.4;4.3;0.558;0.556;1;1.4;0.733;1.5;2;3.5;1.2;0.5;1;0.8;2.5;9.1
101;Herbert Jones;SF;25;NOP;4;4;35.3;4;10.3;0.39;2;6;0.333;2;4.3;0.471;0.488;3;3;1;1.5;3.5;5;2.5;1.3;0.3;2.8;3.8;13
102;DeAndre Jordan;C;35;DEN;2;0;6.5;0.5;1;0.5;0;0;0;0.5;1;0.5;0.5;1;1;1;0.5;1;1.5;0;0.5;0.5;0;2;2
103;Nikola Jovi?;PF;20;MIA;5;5;25.6;3.2;7.2;0.444;1.8;4.4;0.409;1.4;2.8;0.5;0.569;1.2;1.4;0.857;0.4;6.2;6.6;2.2;1;0.6;1.2;1.8;9.4
104;Maxi Kleber;C;32;DAL;13;0;16.8;1.2;3;0.41;0.9;2.2;0.429;0.3;0.8;0.364;0.564;0.3;0.5;0.667;0.3;1.6;1.9;1;0.2;0.3;0.4;1.5;3.7
105;Luke Kornet;C;28;BOS;13;0;10.2;1.1;1.6;0.667;0;0;0;1.1;1.6;0.667;0.667;0.8;1;0.846;1.5;1.7;3.2;0.5;0.1;0.4;0.5;0.8;3
106;A.J. Lawson;SG;23;DAL;10;0;3;0.4;0.9;0.444;0.2;0.6;0.333;0.2;0.3;0.667;0.556;0.1;0.2;0.5;0.1;0.2;0.3;0;0;0.1;0;0.1;1.1
107;Kawhi Leonard;SF;32;LAC;2;2;29.5;5.5;12;0.458;0;2.5;0;5.5;9.5;0.579;0.458;1;1.5;0.667;1.5;6.5;8;2;2;0.5;2;1.5;12
108;Caris LeVert;SG;29;CLE;11;1;25.3;4;9.3;0.431;0.5;3;0.182;3.5;6.3;0.551;0.461;1.5;2.4;0.654;0.7;2.9;3.6;2.3;0.8;0.5;1.3;1.3;10.1
109;E.J. Liddell;PF;23;NOP;1;0;3;0;0;0;0;0;0;0;0;0;0;0;0;0;0;1;1;0;0;0;0;0;0
110;Damian Lillard;PG;33;MIL;4;4;39;8.5;20.3;0.42;5;12;0.417;3.5;8.3;0.424;0.543;9.3;9.5;0.974;0.5;2.8;3.3;5;1;0;2.3;2;31.3
111;Nassir Little;SF;23;PHO;4;0;3.5;0.8;1.3;0.6;0.3;0.8;0.333;0.5;0.5;1;0.7;0;0;0;0;0.3;0.3;0;0;0;0;0.5;1.8
112;Dereck Lively II;C;19;DAL;21;0;22;3;4.5;0.674;0;0;1;3;4.5;0.67;0.679;1.7;2.9;0.59;2.7;4.7;7.4;1.3;0.4;1;1;2.3;7.9
113;Chris Livingston;SF;20;MIL;2;0;3;0.5;0.5;1;0;0;0;0.5;0.5;1;1;0;1.5;0;0;0;0;0;0;0;0;0;1
114;Brook Lopez;C;35;MIL;6;6;33.3;7.3;12.5;0.587;1.7;3.8;0.435;5.7;8.7;0.654;0.653;1.3;2.5;0.533;1.8;2.5;4.3;1.8;0;1.3;1.5;1.7;17.7
115;Kevin Love;PF;35;MIA;5;0;6.4;0.8;1.8;0.444;0.2;0.8;0.25;0.6;1;0.6;0.5;0;0;0;0.2;2.6;2.8;0.8;0;0;0.4;0.4;1.8
116;Kyle Lowry;PG;37;PHI;6;6;29.2;1.8;5.3;0.344;1.3;4;0.333;0.5;1.3;0.375;0.469;2;2.5;0.8;1;2.5;3.5;4;1;0.7;0.7;3.8;7
117;Terance Mann;SG;27;LAC;6;6;31.2;3.2;7.7;0.413;1.7;3.7;0.455;1.5;4;0.375;0.522;1.3;1.3;1;2.8;2.2;5;1.8;0;0;0.8;3.2;9.3
118;Naji Marshall;SF;26;NOP;4;0;21;3;7;0.429;1.5;3.8;0.4;1.5;3.3;0.462;0.536;1.5;1.5;1;0.8;2;2.8;1.3;0.5;0.5;0.5;2.3;9
119;Caleb Martin;SF;28;MIA;5;5;35.2;4.2;9;0.467;2.2;5;0.44;2;4;0.5;0.589;1;1;1;1;2.6;3.6;1.4;0.6;0;0.6;2.8;11.6
120;Tyrese Maxey;PG;23;PHI;6;6;44.5;11;23;0.478;3.7;9.2;0.4;7.3;13.8;0.53;0.558;4.2;4.7;0.893;0.2;5;5.2;6.8;0.8;0.3;2.2;2.7;29.8
121;Miles McBride;PG;23;NYK;13;2;26.7;4.2;9.5;0.435;1.9;5.2;0.368;2.2;4.3;0.518;0.536;0.8;0.9;0.833;0.5;1.7;2.2;1.9;0.5;0.2;0.8;2.3;11
122;CJ McCollum;PG;32;NOP;4;4;37;7.8;18.5;0.419;1.8;7.3;0.241;6;11.3;0.533;0.466;0.5;0.5;1;0.5;4.3;4.8;4.8;1.8;0.8;4;3.5;17.8
123;T.J. McConnell;PG;31;IND;17;0;20.5;5.3;10.9;0.486;0.4;1.5;0.269;4.9;9.4;0.522;0.505;0.8;0.9;0.867;0.6;2.4;3.1;5.1;0.9;0.1;1.2;1.5;11.8
124;Jaden McDaniels;SF;23;MIN;16;16;33.6;4.5;8.8;0.514;1.5;3.5;0.429;3;5.3;0.571;0.6;1.7;2.2;0.771;1.8;2.1;3.8;1.1;0.9;1.1;1.1;3.4;12.2
125;Doug McDermott;SF;32;IND;10;0;6.4;0.5;1.1;0.455;0.3;0.8;0.375;0.2;0.3;0.667;0.591;0;0;0;0.2;0.1;0.3;0.7;0;0.2;0.1;0.5;1.3
126;Jordan McLaughlin;PG;27;MIN;6;0;5;0.3;1.5;0.222;0;0.8;0;0.3;0.7;0.5;0.222;0;0.3;0;0;0.7;0.7;0.3;0;0;0.3;0.2;0.7
127;De'Anthony Melton;SG;25;PHI;1;0;7;0;2;0;0;2;0;0;0;0;0;0;0;0;0;1;1;1;0;0;0;1;0
128;Sam Merrill;SG;27;CLE;10;0;12.5;1;2.9;0.345;1;2.7;0.37;0;0.2;0;0.517;0.3;0.3;1;0.2;1;1.2;0.9;0;0;0;0.9;3.3
129;Khris Middleton;SF;32;MIL;6;6;38.3;9.2;19;0.482;1.8;5.2;0.355;7.3;13.8;0.53;0.531;4.5;5;0.9;2;7.2;9.2;4.7;0.5;0.2;2.3;4.2;24.7
130;Leonard Miller;SF;20;MIN;3;0;2.3;0;0.3;0;0;0.3;0;0;0;0;0;0;0;0;0.3;1;1.3;0;0;0;0;0;0
131;Patty Mills;PG;35;MIA;3;0;17.3;2;5.7;0.353;1;3.7;0.273;1;2;0.5;0.441;1;1.3;0.75;0.3;0;0.3;1;0.3;0;0.3;0.7;6
132;Shake Milton;SG;27;NYK;4;0;5.5;0;1.5;0;0;0.5;0;0;1;0;0;1.3;1.5;0.833;0;0.3;0.3;0.5;0.3;0;0;0;1.3
133;Josh Minott;SF;21;MIN;5;0;3.6;0.4;1.8;0.222;0.4;1;0.4;0;0.8;0;0.333;0;0;0;0.2;0.8;1;0.6;0;0;0;0.4;1.2
134;Donovan Mitchell;SG;27;CLE;10;10;38.2;10.7;22.5;0.476;2.9;8.2;0.354;7.8;14.3;0.545;0.54;5.3;6.5;0.815;0.6;4.8;5.4;4.7;1.3;0.3;2.8;2.9;29.6
135;Evan Mobley;PF;22;CLE;12;12;35.2;6.8;12.2;0.555;0.4;1.5;0.278;6.3;10.7;0.594;0.572;2.1;3;0.694;2.5;6.8;9.3;2.3;0.8;2.2;1.8;2.8;16
136;Wendell Moore Jr.;SG;22;MIN;6;0;3;0.5;1.2;0.429;0.2;0.7;0.25;0.3;0.5;0.667;0.5;0;0;0;0;0.3;0.3;0.3;0.2;0;0.2;0.5;1.2
137;Marcus Morris;PF;34;CLE;9;1;15.3;2.4;5.3;0.458;1;2.6;0.391;1.4;2.8;0.52;0.552;0.2;0.3;0.667;0.2;2.6;2.8;0.3;0.4;0;0.3;0.9;6.1
138;Markieff Morris;PF;34;DAL;1;0;12;1;5;0.2;1;3;0.333;0;2;0;0.3;0;0;0;0;4;4;0;0;0;1;1;3
139;Monte Morris;PG;28;MIN;9;0;7.4;1;3.3;0.3;0.1;1.6;0.071;0.9;1.8;0.5;0.317;0.2;0.2;1;0.1;0.6;0.7;1;0.2;0.1;0;0.7;2.3
140;Trey Murphy III;SF;23;NOP;4;4;42;4.5;12;0.375;2.5;7.5;0.333;2;4.5;0.444;0.479;0;0;0;0.8;5.8;6.5;2.3;1.3;1.5;2;3;11.5
141;Jamal Murray;PG;26;DEN;12;12;38.5;8.3;20.8;0.402;1.9;6.1;0.315;6.4;14.7;0.438;0.448;2;2.2;0.923;0.8;3.6;4.3;5.6;0.8;0.5;2.6;2.3;20.6
142;Svi Mykhailiuk;SF;26;BOS;8;0;4;0.4;1.5;0.25;0.3;1.1;0.222;0.1;0.4;0.333;0.333;0;0;0;0.1;0.5;0.6;0.1;0.1;0;0.3;0.4;1
143;Larry Nance Jr.;C;31;NOP;4;0;21;2.5;4.3;0.588;0.3;1;0.25;2.3;3.3;0.692;0.618;1;1.5;0.667;3.8;4.5;8.3;1.8;0.5;0;1.8;2.3;6.3
144;Andrew Nembhard;PG;24;IND;17;17;32.6;6;10.7;0.56;1.7;3.5;0.483;4.3;7.2;0.598;0.64;1.2;1.5;0.769;0.8;2.5;3.3;5.5;0.4;0.2;1.4;3.3;14.9
145;Aaron Nesmith;SF;24;IND;17;17;32.9;3.6;8.3;0.433;1.3;4.6;0.278;2.3;3.6;0.629;0.511;2;2.2;0.919;1.1;3.8;4.9;2.2;0.6;0.5;1.4;3.9;10.5
146;Georges Niang;PF;30;CLE;10;0;12.1;0.9;4.1;0.22;0.3;2.3;0.13;0.6;1.8;0.333;0.256;0.7;0.8;0.875;0.3;0.9;1.2;0.4;0.4;0.2;0.7;1.8;2.8
147;Zeke Nnaji;PF;23;DEN;3;0;4.7;0.7;1;0.667;0;0;0;0.7;1;0.667;0.667;0.3;0.7;0.5;0.7;0;0.7;0;0;0.3;0.7;0.3;1.7
148;Jusuf Nurki?;C;29;PHO;4;4;26;3.3;6.5;0.5;0;0.5;0;3.3;6;0.542;0.5;1.3;2.8;0.455;3.3;5;8.3;2.8;1.5;1.5;1.5;3.8;7.8
149;Royce O'Neale;SF;30;PHO;4;2;26;1.8;5.5;0.318;1.5;4.5;0.333;0.3;1;0.25;0.455;0;0;0;1.3;3.5;4.8;1;0.3;0;0.5;2.8;5
150;Chuma Okeke;SF;25;ORL;2;0;5;1;1.5;0.667;0.5;1;0.5;0.5;0.5;1;0.833;0.5;0.5;1;0;0;0;0.5;0;0;0;0;3
151;Josh Okogie;SG;25;PHO;4;0;7.3;1.3;2.3;0.556;0.3;0.8;0.333;1;1.5;0.667;0.611;0.8;1.5;0.5;0;1;1;0.5;0.5;0;0.5;1.8;3.5
152;Isaac Okoro;SF;23;CLE;12;7;21.9;2.1;5.8;0.357;0.8;2.9;0.257;1.3;2.9;0.457;0.421;0.6;0.8;0.778;0.4;1.3;1.8;1.1;0.9;0.3;0.9;2.5;5.5
153;Kelly Oubre Jr.;SF;28;PHI;6;6;37.3;5.2;10.7;0.484;1.5;3.8;0.391;3.7;6.8;0.537;0.555;1.3;1.8;0.727;1.5;2.5;4;1.7;1.8;1.2;1.3;4;13.2
154;Cameron Payne;PG;29;PHI;5;0;12.2;2;5;0.4;1.6;3.6;0.444;0.4;1.4;0.286;0.56;0;0;0;0;1.2;1.2;1.4;0.2;0.8;0.6;2;5.6
155;Jalen Pickett;SG;24;DEN;3;0;3.7;0.7;1;0.667;0;0.3;0;0.7;0.7;1;0.667;0;0;0;0;0.3;0.3;0.3;0;0.3;0;0.3;1.3
156;Mason Plumlee;C;33;LAC;6;0;11;1.2;3;0.389;0;0;0;1.2;3;0.389;0.389;0.8;1.3;0.625;1.2;2.2;3.3;0.7;0.5;0.3;0.3;2.2;3.2
157;Michael Porter Jr.;SF;25;DEN;12;12;36.9;5.7;12.2;0.466;2.8;6.8;0.407;2.9;5.4;0.538;0.579;1.7;2.2;0.769;0.7;6.2;6.8;1.1;0.9;0.8;1.5;2.3;15.8
158;Bobby Portis;PF;28;MIL;6;6;31.2;7.3;15.2;0.484;0.5;2;0.25;6.8;13.2;0.519;0.5;1.3;2.2;0.615;2.7;8.7;11.3;1;0.5;0.2;1.5;2.2;16.5
159;Kristaps Porzi??is;C;28;BOS;7;4;23.6;4;8.6;0.467;1.4;4.1;0.345;2.6;4.4;0.581;0.55;2.9;3.1;0.909;0.6;3.9;4.4;1.1;0.7;1.6;0.7;2.1;12.3
160;Dwight Powell;C;32;DAL;13;0;3.4;0.1;0.2;0.333;0;0;0;0.1;0.2;0.333;0.333;0.3;0.5;0.667;0.2;0.7;0.9;0.2;0.1;0;0.2;0.7;0.5
161;Norman Powell;SG;30;LAC;6;0;29.8;4.3;10.2;0.426;2.2;4.8;0.448;2.2;5.3;0.406;0.533;2;2.5;0.8;0.5;2.3;2.8;0.3;0.5;0;1.2;3.3;12.8
162;Taurean Prince;PF;29;LAL;5;0;22.2;2.4;5.8;0.414;1;3.4;0.294;1.4;2.4;0.583;0.5;1.6;1.6;1;0.2;2.2;2.4;0.6;0.2;0.4;0.2;1.8;7.4
163;Payton Pritchard;PG;26;BOS;19;0;18.7;2.3;5.5;0.419;1.2;3.2;0.383;1.1;2.4;0.467;0.529;0.6;0.6;0.917;0.7;1.2;1.9;2.1;0.2;0;0.7;1.2;6.4
164;Olivier-Maxence Prosper;PF;21;DAL;3;0;3;0;0.7;0;0;0;0;0;0.7;0;0;0;0;0;0;1;1;0.3;0;0;0;0;0
165;Neemias Queta;C;24;BOS;3;0;4.3;0.7;1;0.667;0;0;0;0.7;1;0.667;0.667;0;0;0;0.3;0.7;1;0;0;0.3;0;0;1.3
166;Austin Reaves;SG;25;LAL;5;5;34.8;6;12.6;0.476;1.4;5.2;0.269;4.6;7.4;0.622;0.532;3.4;3.8;0.895;1;2.8;3.8;3.6;1.4;0.6;0.8;1.6;16.8
167;Paul Reed;C;24;PHI;6;0;7.2;0.7;1.5;0.444;0;0;0;0.7;1.5;0.444;0.444;0.2;0.3;0.5;1.5;1.2;2.7;0.3;0.2;0.5;0.5;1.2;1.5
168;Naz Reid;C;24;MIN;16;0;22.6;4.1;8.9;0.458;1.6;4.3;0.362;2.5;4.6;0.548;0.546;1.4;1.9;0.71;0.6;3.1;3.7;1;0.5;0.8;0.9;2;11.1
169;Duncan Robinson;SF;29;MIA;5;0;12;1;3.2;0.313;0.6;2.6;0.231;0.4;0.6;0.667;0.406;0;0;0;0;1;1;1.2;0.4;0;1;1.2;2.6
170;Mitchell Robinson;C;25;NYK;6;0;19.2;1.2;2.3;0.5;0;0;0;1.2;2.3;0.5;0.5;0.5;1.3;0.375;3.8;3;6.8;0.5;1;1.2;0.5;2.5;2.8
171;Orlando Robinson;C;23;MIA;1;0;2;0;1;0;0;1;0;0;0;0;0;0;0;0;0;1;1;1;0;0;0;0;0
172;Jeremiah Robinson-Earl;PF;23;NOP;1;0;5;1;2;0.5;0;0;0;1;2;0.5;0.5;0;2;0;1;0;1;1;0;0;0;0;2
173;David Roddy;PF;22;PHO;2;0;1.5;0;0;0;0;0;0;0;0;0;0;0;0;0;0;0;0;0;0;0;0;0;0
174;D'Angelo Russell;PG;27;LAL;5;5;37;5.6;14.6;0.384;2.8;8.8;0.318;2.8;5.8;0.483;0.479;0.2;0.4;0.5;0.2;2.6;2.8;4.2;0.8;0.2;1.8;1.2;14.2
175;Matt Ryan;SF;26;NOP;1;0;3;0;1;0;0;1;0;0;0;0;0;0;0;0;0;1;1;0;1;0;1;0;0
176;Ben Sheppard;SG;22;IND;17;2;19.7;1.8;4.2;0.437;1.1;2.9;0.38;0.7;1.2;0.571;0.57;0.4;0.5;0.778;0.6;2.4;3;1;0.5;0.1;0.6;1.9;5.2
177;Pascal Siakam;PF;29;IND;17;17;35.5;9.2;17.1;0.541;0.8;2.8;0.298;8.4;14.3;0.588;0.566;2.3;3.7;0.619;2.5;5.1;7.5;3.8;0.8;0.4;1.1;2.8;21.6
178;Jericho Sims;C;25;NYK;5;0;5.4;0.4;0.4;1;0;0;0;0.4;0.4;1;1;0.6;0.8;0.75;0.6;1;1.6;0.2;0.4;0.2;0;0.2;1.4
179;Jalen Smith;C;23;IND;7;0;6;0.4;1.1;0.375;0.3;0.6;0.5;0.1;0.6;0.25;0.5;0.7;1.1;0.625;1;1;2;0.3;0.3;0.1;0.6;1.1;1.9
180;Jaden Springer;PG;21;BOS;4;0;5.5;0.5;0.8;0.667;0;0;0;0.5;0.8;0.667;0.667;0;0;0;0;0.8;0.8;0.3;0;0.3;0.5;0.3;1
181;Julian Strawther;SF;21;DEN;3;0;5.3;0.7;2;0.333;0.3;1.3;0.25;0.3;0.7;0.5;0.417;0.7;1.3;0.5;0;0.7;0.7;0;0.3;0;0.3;1;2.3
182;Max Strus;SF;27;CLE;12;12;36.2;3.5;8.6;0.408;2.1;6;0.347;1.4;2.6;0.548;0.529;0.4;0.4;1;0.7;4.7;5.3;2.9;0.8;0;1.3;3.4;9.5
183;Jalen Suggs;SG;22;ORL;7;7;33.1;4.7;11.7;0.402;2;6.9;0.292;2.7;4.9;0.559;0.488;3.3;4.3;0.767;1.6;3.6;5.1;3.3;1.3;0.4;2.9;2.6;14.7
184;Jayson Tatum;PF;25;BOS;19;19;40.4;8.4;19.6;0.427;2.1;7.3;0.283;6.3;12.3;0.513;0.48;6.2;7.2;0.861;0.9;8.8;9.7;6.3;1.1;0.7;2.6;2.8;25
185;Daniel Theis;C;31;LAC;1;0;4;1;1;1;1;1;1;0;0;0;1.5;0;0;0;0;1;1;0;0;0;0;0;3
186;Isaiah Thomas;PG;34;PHO;1;0;4;0;2;0;0;1;0;0;1;0;0;0;0;0;0;0;0;0;0;0;1;0;0
187;Tristan Thompson;C;32;CLE;10;0;8.7;0.7;1.6;0.438;0;0;0;0.7;1.6;0.438;0.438;0.1;0.2;0.5;1;1;2;1;0.1;0.5;0.2;0.9;1.5
188;Xavier Tillman Sr.;PF;25;BOS;8;0;8.6;0.6;1;0.625;0.1;0.1;1;0.5;0.9;0.571;0.688;0.1;0.1;1;0.5;1.3;1.8;0.4;0.4;0.4;0.4;0.9;1.5
189;Obi Toppin;PF;25;IND;17;0;20.2;4.3;7.9;0.541;1.2;3.3;0.357;3.1;4.6;0.671;0.615;1.1;1.5;0.76;0.6;3.8;4.4;1.7;0.4;0.4;0.8;1.2;10.9
190;Karl-Anthony Towns;PF;28;MIN;16;16;32.6;6.8;14.5;0.466;1.9;5.2;0.361;4.9;9.3;0.523;0.53;3.7;4.3;0.855;2.2;6.8;9;2.6;0.8;0.2;1.7;3.4;19.1
191;P.J. Tucker;PF;38;LAC;2;1;15.5;2;3;0.667;1.5;2;0.75;0.5;1;0.5;0.917;0;0;0;1.5;0;1.5;0;0;0;1.5;3;5.5
192;Myles Turner;C;27;IND;17;17;32.4;6.2;12.1;0.517;2.3;5.1;0.453;3.9;7;0.563;0.612;2.2;2.9;0.76;1.5;5.1;6.6;2.1;0.5;1.5;1.9;2.6;17
193;Hunter Tyson;PF;23;DEN;3;0;4.7;0;1.3;0;0;1;0;0;0.3;0;0;0.3;0.7;0.5;0.3;0.7;1;0.3;0;0;0.3;0;0.3
194;Jonas Valan?i?nas;C;31;NOP;4;4;22.5;5.5;10.5;0.524;0;0.3;0;5.5;10.3;0.537;0.524;3.5;4.3;0.824;4.5;6.5;11;1.3;0.5;0;2.5;2.3;14.5
195;Gabe Vincent;PG;27;LAL;5;0;13.8;0.6;2.4;0.25;0.2;1.4;0.143;0.4;1;0.4;0.292;0;0;0;0.2;1.4;1.6;0.6;0.4;0;0.6;1.6;1.4
196;Dean Wade;PF;27;CLE;3;1;21;1.3;4.3;0.308;1;3.3;0.3;0.3;1;0.333;0.423;0;0;0;0.3;1.7;2;1.7;0.3;0.7;0.7;1.3;3.7
197;Franz Wagner;SF;22;ORL;7;7;37;6;14.7;0.408;1.3;4.9;0.265;4.7;9.9;0.478;0.451;5.6;6.3;0.886;1.4;5.4;6.9;4.4;0.7;1.3;1.3;2.9;18.9
198;Moritz Wagner;C;26;ORL;7;0;15;2.3;5.1;0.444;0.3;1.3;0.222;2;3.9;0.519;0.472;1.4;2.4;0.588;1.6;2.9;4.4;0.3;0.9;0.4;1.1;3;6.3
199;Jarace Walker;PF;20;IND;9;0;3.4;0.3;1.1;0.3;0;0.3;0;0.3;0.8;0.429;0.3;0.2;0.3;0.667;0.1;0.3;0.4;0.4;0.2;0.1;0.7;0.2;0.9
200;Cason Wallace;SG;20;OKC;10;0;19.8;1.6;4.1;0.39;0.9;2.8;0.321;0.7;1.3;0.538;0.5;0.1;0.2;0.5;0.7;0.6;1.3;1;0.9;0.2;0.4;1.4;4.2
201;Jordan Walsh;SF;19;BOS;3;0;3.7;0.3;1;0.333;0;0.3;0;0.3;0.7;0.5;0.333;0;0;0;0;0.7;0.7;0;0;0;0;0;0.7
202;T.J. Warren;SF;30;MIN;3;0;3.7;0;0.7;0;0;0.3;0;0;0.3;0;0;0;0;0;0.7;0.3;1;0.3;0;0;0;0;0
203;P.J. Washington;PF;25;DAL;22;22;35.7;4.5;10.6;0.427;2.1;6.1;0.348;2.4;4.5;0.535;0.528;1.8;2.5;0.709;1.5;5.1;6.6;1.4;0.7;0.8;1.5;3;13
204;Lindy Waters III;SG;26;OKC;3;0;3;0;0.3;0;0;0.3;0;0;0;0;0;0;0;0;0;0.3;0.3;0;0;0;0;0;0
205;Peyton Watson;SF;21;DEN;10;0;9;0.6;2.4;0.25;0.3;1.2;0.25;0.3;1.2;0.25;0.313;0.3;0.6;0.5;0.2;1.3;1.5;0.4;0;0.6;0.3;0.9;1.8
206;Russell Westbrook;PG;35;LAC;6;0;19;2.2;8.3;0.26;0.7;2.8;0.235;1.5;5.5;0.273;0.3;1.3;2.2;0.615;1;3.2;4.2;1.7;1.2;0.5;1.7;1.8;6.3
207;Derrick White;SG;29;BOS;19;19;35.6;5.7;12.7;0.452;3.4;8.5;0.404;2.3;4.2;0.55;0.587;1.8;2;0.921;1;3.3;4.3;4.1;0.9;1.2;0.8;2.3;16.7
208;Aaron Wiggins;SG;25;OKC;10;0;15.7;2.3;4.7;0.489;0.6;2;0.3;1.7;2.7;0.63;0.553;1;1.1;0.909;0.9;2.3;3.2;1;0.6;0.3;0.9;0.8;6.2
209;Jalen Williams;PF;22;OKC;10;10;37.7;7.5;16;0.469;1.5;3.9;0.385;6;12.1;0.496;0.516;2.2;2.7;0.815;1.3;5.5;6.8;5.4;1.7;0.5;1.9;2.1;18.7
210;Jaylin Williams;C;21;OKC;10;0;12.7;1.6;3.3;0.485;0.9;2.2;0.409;0.7;1.1;0.636;0.621;0.3;0.4;0.75;0.4;2.8;3.2;1.5;0.4;0.3;0.3;1.1;4.4
211;Kenrich Williams;PF;29;OKC;7;0;4.6;0.3;1.1;0.25;0;0.7;0;0.3;0.4;0.667;0.25;0;0;0;0.1;1;1.1;0.4;0.1;0;0;0.4;0.6
212;Delon Wright;PG;31;MIA;4;1;26.8;3;5;0.6;1.5;2.5;0.6;1.5;2.5;0.6;0.75;0.5;0.5;1;0.5;2.5;3;1.8;1;0.3;0;1.3;8
213;Thaddeus Young;PF;35;PHO;1;0;4;0;0;0;0;0;0;0;0;0;0;0;0;0;0;0;0;0;0;0;0;0;0
214;Ivica Zubac;C;26;LAC;6;6;32;7;11.7;0.6;0;0;0;7;11.7;0.6;0.6;2.2;3.3;0.65;3;6.3;9.3;1;0.8;0.5;1.3;3.5;16.2
